university,salary_grad5y,loc_per,male_per,ave_salary
华东交通大学,6701,15,65,8358.0
江西理工大学,6561,19,72,8037.0
绍兴文理学院,5674,30,43,6967.0
安徽工业大学,6526,24,72,7526.0
内蒙古大学,6360,31,48,8030.0
广东建设职业技术学院,5465,59,65,5392.0
南昌工程学院,6355,18,64,6723.0
山西建筑职业技术学院,5525,61,60,4969.0
上海海洋大学,6939,85,41,8363.0
南昌航空大学,6780,18,70,8013.0
上海大学,8474,93,45,10460.0
中国科学技术大学,9589,25,73,11715.0
中国农业大学,7322,62,47,10012.0
广西英华国际职业学院,-1,24,52,-1
重庆商务职业学院,-1,83,13,-1
西安科技大学高新学院,-1,65,60,-1
山西体育职业学院,3589,43,72,3357.0
广州东华职业学院,-1,57,-1,-1
民办明达职业技术学院,-1,30,61,-1
宁夏财经职业技术学院,3483,62,23,-1
上饶职业技术学院,5385,15,53,5385.0
湖南高速铁路职业技术学院,4261,24,58,-1
亳州职业技术学院,4435,25,48,3880.0
伊犁职业技术学院,-1,30,-1,-1
重庆艺术工程职业学院,-1,100,-1,-1
重庆公共运输职业学院,-1,100,-1,-1
银川能源学院,-1,47,65,-1
哈尔滨应用职业技术学院,4585,57,76,-1
包头铁道职业技术学院,-1,24,62,-1
盘锦职业技术学院,3696,37,33,-1
重庆建筑工程职业学院,-1,89,69,-1
山东师范大学历山学院,3024,48,38,-1
重庆邮电大学移通学院,3483,58,64,3735.0
福建生物工程职业技术学院,5385,51,43,-1
黑龙江煤炭职业技术学院,5385,21,72,-1
广西科技师范学院,3505,18,34,-1
安徽国际商务职业学院,3828,40,25,3597.0
安徽汽车职业技术学院,-1,51,96,-1
湖北工程学院新技术学院,4506,33,51,-1
柳州铁道职业技术学院,-1,23,53,-1
浙江东方职业技术学院,4342,34,53,-1
浙江邮电职业技术学院,5385,50,60,-1
太原旅游职业学院,4033,46,18,3483.0
贵州工业职业技术学院,-1,39,75,-1
广州华商职业学院,-1,51,60,-1
西南科技大学城市学院,-1,47,69,3077.0
六盘水职业技术学院,3935,27,52,-1
黑龙江工程学院昆仑旅游学院,3749,58,17,-1
伊春职业学院,4456,18,56,-1
湖南电气职业技术学院,3935,22,71,3536.0
湖北文理学院理工学院,5000,24,52,3231.0
鹤壁汽车工程职业学院,-1,33,-1,-1
云南国土资源职业学院,4342,60,65,-1
广州科技贸易职业学院,3803,68,51,-1
中国美术学院,8013,40,38,9103.0
金山职业技术学院,3803,25,59,-1
四川国际标榜职业学院,4541,67,29,3623.0
宁夏医科大学,4352,47,62,4774.0
新乡职业技术学院,4199,36,70,-1
临沂职业学院,-1,38,54,-1
湖南科技工业职业技术学院,4199,24,78,-1
云南工商学院,-1,50,-1,-1
宜春职业技术学院,3803,19,30,-1
郑州商贸旅游职业学院,-1,88,-1,-1
内蒙古机电职业技术学院,4032,29,78,4800.0
贵阳职业技术学院,-1,52,67,-1
西安海棠职业学院,4541,56,34,3935.0
武威职业学院,3841,15,60,-1
昭通学院,-1,100,-1,-1
江西农业工程职业学院,5862,23,54,-1
海南医学院,4862,41,47,6279.0
黔南民族职业技术学院,3547,19,43,-1
聊城大学东昌学院,-1,22,41,-1
辽宁职业学院,3483,48,50,3589.0
天门职业学院,-1,33,-1,-1
浙江树人学院,-1,42,-1,-1
阜阳科技职业学院,5385,21,53,-1
铜川职业技术学院,4034,57,68,-1
新疆艺术学院,5268,20,48,5288.0
西安高新科技职业学院,4342,52,54,-1
益阳职业技术学院,4603,24,44,-1
三峡旅游职业技术学院,-1,27,28,-1
贵州职业技术学院,4195,45,60,-1
韩山师范学院,5136,32,40,5714.0
湖南九嶷职业技术学院,-1,27,32,-1
上海民航职业技术学院,-1,88,-1,-1
巴音郭楞职业技术学院,-1,30,54,-1
德宏职业学院,-1,100,-1,-1
太湖创意职业技术学院,-1,55,53,-1
苏州卫生职业技术学院,5325,40,11,-1
江苏农牧科技职业学院,-1,19,43,-1
北京北大方正软件职业技术学院,-1,64,-1,-1
锡林郭勒职业学院,3803,23,44,-1
新疆能源职业技术学院,-1,27,-1,-1
新疆石河子职业技术学院,5385,17,54,-1
山西运城农业职业技术学院,3547,24,60,-1
长垣烹饪职业技术学院,-1,42,-1,-1
鹰潭职业技术学院,5195,22,46,-1
河南推拿职业学院,-1,35,60,-1
安徽人口职业学院,-1,100,-1,-1
德州职业技术学院,3643,21,58,3696.0
眉山职业技术学院,3853,59,42,3590.0
云南林业职业技术学院,5595,75,48,-1
江汉大学文理学院,3455,62,42,5000.0
天津国土资源和房屋职业学院,3643,70,36,3452.0
衢州职业技术学院,4991,45,44,-1
潞安职业技术学院,5002,26,62,-1
泉州轻工职业学院,-1,38,-1,-1
宁夏司法警官职业学院,4199,36,59,-1
宁夏工业职业学院,4648,33,76,-1
大同煤炭职业技术学院,-1,23,68,-1
郑州信息科技职业学院,4792,57,57,-1
河南理工大学万方科技学院,4393,34,56,-1
中山火炬职业技术学院,5385,30,58,3869.0
山东司法警官职业学院,4187,68,36,-1
甘肃机电职业技术学院,-1,19,81,-1
运城护理职业学院,-1,100,-1,-1
内蒙古体育职业学院,5314,30,35,-1
河南艺术职业学院,-1,60,40,-1
广西城市职业学院,4254,24,61,-1
内蒙古科技职业学院,-1,32,40,-1
湖北汽车工业学院科技学院,5518,25,72,-1
广西外国语学院,-1,21,-1,-1
重庆交通职业学院,-1,94,52,-1
青海卫生职业技术学院,3803,45,12,-1
中山职业技术学院,5385,42,61,-1
三亚理工职业学院,-1,32,53,-1
杭州科技职业技术学院,5025,75,57,-1
马鞍山职业技术学院,-1,20,50,-1
郑州电力职业技术学院,3709,40,71,3622.0
江西青年职业学院,4217,17,35,-1
泊头职业学院,-1,43,36,-1
昌吉职业技术学院,3881,28,54,-1
四川华新现代职业学院,4194,79,36,-1
大连装备制造职业技术学院,-1,40,88,-1
三峡大学科技学院,4791,20,52,4166.0
开封文化艺术职业学院,-1,35,32,-1
陕西艺术职业学院,-1,50,-1,-1
重庆水利电力职业技术学院,5415,73,71,-1
广西科技职业学院,-1,30,-1,-1
贵州航天职业技术学院,4737,15,65,-1
新疆农业职业技术学院,3773,24,41,-1
山西金融职业学院,3547,58,24,3676.0
四川文化艺术学院,-1,21,39,-1
厦门华天涉外职业技术学院,3749,42,50,-1
四川司法警官职业学院,3826,60,47,-1
郑州理工职业学院,-1,56,60,-1
广东食品药品职业学院,4355,63,41,3803.0
民办安徽旅游职业学院,-1,100,-1,-1
红河学院,3996,36,52,-1
上海工会管理职业学院,4277,95,28,3946.0
青海民族大学,4429,15,55,4507.0
长白山职业技术学院,-1,47,18,-1
湖北大学知行学院,5000,54,32,3362.0
西南交通大学希望学院,-1,61,39,-1
安顺职业技术学院,4199,22,49,-1
辽宁理工职业学院,-1,46,25,-1
闽北职业技术学院,5805,25,46,-1
保山学院,-1,35,-1,-1
巴中职业技术学院,-1,52,-1,-1
青岛工学院,-1,31,57,-1
云南艺术学院,4723,48,44,4621.0
甘肃畜牧工程职业技术学院,3775,17,87,-1
海南政法职业学院,3483,18,49,-1
浙江体育职业技术学院,-1,50,70,-1
江西冶金职业技术学院,5862,15,75,-1
玉溪师范学院,3766,36,47,-1
郑州信息工程职业学院,-1,55,43,-1
民办合肥经济技术职业学院,-1,66,-1,-1
嵩山少林武术职业学院,3483,36,45,-1
兰州资源环境职业技术学院,3589,36,60,-1
伊犁师范学院,4159,18,35,-1
长江大学文理学院,5527,21,31,5000.0
云南工程职业学院,-1,67,62,-1
江西警察学院,-1,47,-1,-1
临汾职业技术学院,3696,30,57,-1
福建水利电力职业技术学院,4355,36,80,-1
辽宁现代服务职业技术学院,-1,70,16,-1
广州科技职业技术学院,4804,59,62,3788.0
石家庄科技信息职业学院,6401,36,52,-1
广西现代职业技术学院,-1,27,62,-1
广西工程职业学院,-1,17,75,-1
菏泽职业学院,-1,17,77,-1
四川城市职业学院,-1,80,43,-1
沈阳工学院,3077,49,55,3077.0
重庆师范大学涉外商贸学院,4583,53,30,3357.0
四川传媒学院,4581,41,39,4540.0
宿迁职业技术学院,4330,25,76,-1
山东理工职业学院,4208,23,48,-1
湘西民族职业技术学院,5025,21,36,-1
百色学院,-1,22,51,-1
湖北师范学院文理学院,3231,28,27,3231.0
合肥信息技术职业学院,3589,42,46,-1
榆林职业技术学院,-1,50,-1,-1
苏州高博软件技术职业学院,-1,54,71,-1
菏泽家政职业学院,-1,32,22,-1
赣西科技职业学院,5832,14,61,-1
盐城工业职业技术学院,-1,21,50,-1
福建体育职业技术学院,-1,46,70,-1
江门职业技术学院,3803,33,60,-1
济南大学泉城学院,3000,53,47,3077.0
石家庄工商职业学院,4793,33,46,-1
武汉科技大学城市学院,4804,47,45,5512.0
铜仁职业技术学院,3828,23,45,-1
重庆海联职业技术学院,3957,72,46,-1
陕西电子信息职业技术学院,3612,54,63,3483.0
新疆建设职业技术学院,4103,44,61,-1
白城职业技术学院,-1,56,54,-1
信阳师范学院华锐学院,5000,33,42,3077.0
泉州经贸职业技术学院,4414,24,26,-1
辽宁传媒学院,3643,52,44,3710.0
湖南铁路科技职业技术学院,3721,25,49,3696.0
四川文轩职业学院,-1,75,-1,-1
商洛职业技术学院,3560,50,52,-1
河北科技学院,-1,55,84,-1
四川科技职业学院,4805,71,56,-1
广西经济职业学院,-1,33,56,-1
四川工商学院,5416,66,50,4663.0
辽宁理工学院,3332,44,28,3100.0
四川卫生康复职业学院,-1,46,20,-1
承德护理职业学院,-1,66,11,-1
四川大学锦江学院,-1,64,51,3451.0
广西经贸职业技术学院,3721,35,32,-1
廊坊东方职业技术学院,-1,61,44,-1
鄂州职业大学,4999,20,59,-1
湖北民族学院科技学院,4518,18,46,-1
安徽审计职业学院,3997,50,36,-1
广西理工职业技术学院,-1,30,81,-1
云南警官学院,4374,57,52,-1
宁夏建设职业技术学院,5385,60,72,5385.0
甘肃农业职业技术学院,-1,48,33,-1
塔里木大学,4729,19,60,5385.0
江西枫林涉外经贸职业学院,-1,17,47,-1
西藏藏医学院,-1,50,-1,-1
重庆大学城市科技学院,-1,58,54,-1
黑龙江三江美术职业学院,6313,38,46,-1
重庆电讯职业学院,-1,73,72,-1
武汉科技职业学院,4330,38,46,3935.0
重庆经贸职业学院,-1,80,-1,-1
厦门软件职业技术学院,4199,58,65,-1
安徽涉外经济职业学院,-1,41,40,-1
武汉东湖学院,5595,50,55,-1
运城职业技术学院,-1,27,77,-1
大连软件职业学院,4199,55,53,-1
安徽文达信息工程学院,-1,40,-1,-1
北京警察学院,-1,78,92,-1
辽宁体育运动职业技术学院,-1,70,-1,-1
许昌陶瓷职业学院,-1,33,-1,-1
湖北医药学院药护学院,-1,21,29,-1
安徽艺术职业学院,4644,46,35,-1
漯河食品职业学院,3483,41,39,-1
浙江农业商贸职业学院,-1,20,-1,-1
郑州工业安全职业学院,5595,45,88,3452.0
辽宁政法职业学院,-1,100,-1,-1
广州现代信息工程职业技术学院,4792,70,61,-1
广东创新科技职业学院,-1,50,-1,-1
云南司法警官职业学院,3643,69,73,-1
厦门东海职业技术学院,3828,44,48,-1
江西艺术职业学院,4089,13,33,-1
江西制造职业技术学院,4223,26,77,3568.0
广东科技学院,-1,19,-1,-1
燕京理工学院,5000,59,44,5402.0
铜仁学院,-1,19,52,-1
重庆传媒职业学院,-1,66,36,-1
浙江工贸职业技术学院,4807,33,49,-1
枣庄职业学院,3720,40,75,-1
山东海事职业学院,-1,11,-1,-1
玉溪农业职业技术学院,3483,58,30,-1
嘉兴南洋职业技术学院,4599,41,65,-1
广州城建职业学院,-1,59,66,-1
重庆青年职业技术学院,3707,83,42,-1
山西药科职业学院,-1,51,49,-1
云南经贸外事职业学院,-1,75,45,-1
四川三河职业学院,-1,20,-1,-1
驻马店职业技术学院,5004,31,38,-1
西藏大学,5371,29,63,4175.0
克拉玛依职业技术学院,4264,21,77,-1
浙江艺术职业学院,4991,68,39,-1
武汉城市职业学院,-1,62,40,-1
鄂尔多斯职业学院,-1,29,-1,-1
温州医科大学,5683,31,46,7093.0
西安城市建设职业学院,4063,46,49,-1
重庆化工职业学院,-1,69,50,-1
厦门安防科技职业学院,-1,50,-1,-1
兴义民族师范学院,-1,61,-1,-1
珠海城市职业技术学院,3894,45,51,-1
石家庄财经职业学院,-1,32,31,-1
江汉艺术职业学院,5385,19,41,-1
武昌理工学院,5000,48,47,-1
苏州信息职业技术学院,-1,47,59,-1
湖南工商职业学院,4199,24,51,-1
柳州城市职业学院,3483,21,61,-1
长春东方职业学院,4361,57,40,-1
云南文化艺术职业学院,-1,78,35,-1
昆明工业职业技术学院,5258,70,67,-1
江苏食品药品职业技术学院,-1,26,37,-1
宁夏职业技术学院,4067,54,49,-1
山东商务职业学院,4137,36,33,3803.0
朔州职业技术学院,-1,24,63,-1
成都艺术职业学院,5385,72,42,3721.0
重庆人文科技学院,4647,33,46,4621.0
忻州职业技术学院,3715,39,54,-1
四川大学锦城学院,5000,74,46,5625.0
广东环境保护工程职业学院,-1,40,53,-1
重庆房地产职业学院,3828,89,54,-1
大兴安岭职业学院,3976,26,36,-1
广东理工职业学院,5385,45,49,-1
中国石油大学胜利学院,6641,23,60,-1
石家庄理工职业学院,5385,33,63,-1
滇西科技师范学院,3483,59,40,-1
贵阳护理职业学院,-1,61,26,-1
山西应用科技学院,3505,45,49,-1
漳州卫生职业学院,3589,37,24,-1
乌海职业技术学院,-1,18,59,-1
三明职业技术学院,5385,27,47,-1
山西水利职业技术学院,4330,28,80,3803.0
泰山职业技术学院,4257,19,49,3749.0
福建华南女子职业学院,3696,65,0,3483.0
云南交通职业技术学院,4532,76,52,-1
江西陶瓷工艺美术职业技术学院,4851,14,48,4723.0
浙江汽车职业技术学院,-1,36,87,-1
安阳职业技术学院,-1,36,53,-1
普洱学院,-1,100,-1,-1
宁德职业技术学院,-1,35,66,-1
云南新兴职业学院,-1,77,39,-1
漳州城市职业学院,4434,25,22,-1
合肥职业技术学院,4997,24,40,-1
延安职业技术学院,3483,42,64,-1
广东文理职业学院,-1,38,58,-1
黑龙江粮食职业学院,-1,58,32,-1
晋城职业技术学院,3721,27,44,-1
江西工程职业学院,5430,20,59,-1
重庆安全技术职业学院,-1,50,-1,-1
温州科技职业学院,-1,29,41,-1
黄山职业技术学院,-1,33,-1,-1
凯里学院,-1,16,62,-1
宁夏师范学院,-1,32,55,-1
宁夏理工学院,7000,8,73,6731.0
湖南软件职业学院,5786,28,62,4928.0
湖北青年职业学院,-1,53,45,-1
厦门演艺职业学院,6998,27,43,-1
辽宁建筑职业学院,-1,46,68,-1
喀什大学,4330,28,41,-1
江西环境工程职业学院,4474,22,56,4020.0
郑州升达经贸管理学院,4206,66,31,-1
洛阳职业技术学院,-1,32,70,-1
上海体育学院,6945,65,54,8060.0
绍兴职业技术学院,4163,46,51,-1
郑州成功财经学院,-1,46,40,3104.0
徽商职业学院,-1,57,31,-1
陕西工商职业学院,-1,76,33,-1
宁夏民族职业技术学院,3643,32,57,-1
上海中医药大学,7166,85,31,7125.0
河北劳动关系职业学院,-1,41,40,-1
山西轻工职业技术学院,5385,53,68,-1
河南师范大学新联学院,3243,35,24,3315.0
湖南邮电职业技术学院,-1,29,55,-1
宁夏工商职业技术学院,3483,51,46,-1
内蒙古警察职业学院,4462,21,68,-1
云南机电职业技术学院,3643,70,71,4223.0
黑龙江艺术职业学院,6072,46,41,-1
山西老区职业技术学院,-1,42,21,-1
扬州市职业大学,4591,18,41,-1
云南体育运动职业技术学院,-1,63,73,-1
江南影视艺术职业学院,4602,20,47,-1
浙江同济科技职业学院,-1,63,68,-1
科尔沁艺术职业学院,-1,40,47,-1
长春大学旅游学院,5249,32,25,3357.0
江西工商职业技术学院,-1,42,-1,-1
北京社会管理职业学院,-1,92,31,-1
成都信息工程大学银杏酒店管理学院,3488,68,33,5000.0
阿克苏职业技术学院,-1,21,43,-1
哈尔滨华德学院,-1,50,59,-1
青海师范大学,4729,18,42,4175.0
甘肃钢铁职业技术学院,-1,23,80,-1
内蒙古北方职业技术学院,-1,31,31,-1
青海畜牧兽医职业技术学院,-1,41,31,-1
济南护理职业学院,-1,86,-1,-1
大连航运职业技术学院,-1,42,88,-1
广东青年职业学院,-1,77,36,-1
山西经贸职业学院,-1,60,23,-1
石家庄经济职业学院,4702,36,30,-1
郑州城市职业学院,-1,60,62,-1
天津广播影视职业学院,-1,71,25,-1
泉州信息工程学院,5385,21,59,-1
湖南体育职业学院,4329,40,76,-1
贵州工商职业学院,-1,33,-1,-1
哈尔滨广厦学院,3749,50,36,4100.0
包头钢铁职业技术学院,5385,39,70,-1
贵州交通职业技术学院,4277,42,77,-1
重庆城市职业学院,4724,67,47,3589.0
新疆天山职业技术学院,3803,61,43,-1
襄阳汽车职业技术学院,-1,66,-1,-1
毕节职业技术学院,-1,20,-1,-1
广东亚视演艺职业学院,4723,23,34,-1
浙江警察学院,-1,60,-1,-1
三亚城市职业学院,3483,23,45,-1
汉中职业技术学院,4321,56,33,-1
云南三鑫职业技术学院,-1,28,-1,-1
宿迁泽达职业技术学院,-1,26,-1,-1
江西生物科技职业学院,4594,21,52,-1
海南软件职业技术学院,4223,15,73,4223.0
哈尔滨科学技术职业学院,-1,51,40,-1
湖北生态工程职业技术学院,3803,44,40,3494.0
河南化工职业学院,-1,58,55,-1
吉林城市职业技术学院,-1,100,-1,-1
甘肃林业职业技术学院,3869,21,49,-1
安徽林业职业技术学院,4257,50,38,3721.0
山西电力职业技术学院,4236,43,68,3483.0
安徽矿业职业技术学院,-1,33,63,-1
南京视觉艺术职业学院,-1,45,52,-1
青岛农业大学海都学院,3375,36,47,-1
武夷山职业学院,-1,32,43,-1
冀中职业学院,-1,50,56,-1
电子科技大学成都学院,5019,62,70,5158.0
云南旅游职业学院,-1,80,-1,-1
西双版纳职业技术学院,-1,42,28,-1
黔西南民族职业技术学院,-1,32,52,-1
大连枫叶职业技术学院,-1,59,37,-1
廊坊卫生职业学院,-1,83,-1,-1
甘肃民族师范学院,-1,20,-1,-1
信阳涉外职业技术学院,-1,100,-1,-1
焦作工贸职业学院,-1,53,-1,-1
抚州职业技术学院,3803,23,54,-1
东莞职业技术学院,-1,66,60,-1
湖南高尔夫旅游职业学院,-1,30,-1,-1
漳州理工职业学院,-1,36,65,-1
三峡电力职业学院,-1,17,72,-1
云南城市建设职业学院,-1,80,73,-1
河南水利与环境职业学院,5805,67,57,-1
呼和浩特民族学院,-1,56,-1,-1
四川汽车职业技术学院,-1,31,71,-1
集宁师范学院,-1,30,24,-1
哈尔滨传媒职业学院,-1,75,-1,-1
山东服装职业学院,3935,17,26,3894.0
辽宁铁道职业技术学院,-1,59,68,-1
河南林业职业学院,-1,44,-1,-1
蚌埠经济技术职业学院,4427,24,41,-1
辽宁冶金职业技术学院,-1,47,-1,-1
北海艺术设计学院,5805,49,44,-1
沈阳城市建设学院,5000,69,59,-1
商丘学院,-1,26,63,-1
黔东南民族职业技术学院,5385,24,32,-1
哈尔滨江南职业技术学院,-1,43,48,-1
大连科技学院,-1,26,58,-1
烟台汽车工程职业学院,-1,43,85,-1
河北司法警官职业学院,4342,31,42,4001.0
广东体育职业技术学院,4976,64,86,-1
南阳职业学院,-1,35,-1,-1
上海电影艺术职业学院,5805,82,42,5436.0
石家庄科技职业学院,-1,40,43,-1
上海震旦职业学院,4462,95,38,4087.0
西安汽车科技职业学院,5805,49,94,-1
天津铁道职业技术学院,4334,76,41,3483.0
山西管理职业学院,4434,33,35,-1
泉州工艺美术职业学院,-1,40,-1,-1
山西林业职业技术学院,4012,52,36,-1
河南机电职业学院,-1,51,65,-1
潍坊护理职业学院,-1,50,-1,-1
郑州黄河护理职业学院,3921,58,62,-1
桂林医学院,4869,15,44,4915.0
江苏建康职业学院,4937,44,16,-1
泉州纺织服装职业学院,4997,18,30,4997.0
贵州电力职业技术学院,3696,35,57,-1
湖州师范学院,5346,37,42,6178.0
汉口学院,4352,50,43,-1
兰州外语职业学院,3589,41,53,-1
广西卫生职业技术学院,-1,62,34,-1
湖北工程学院,5534,24,46,6227.0
苏州工业园区服务外包职业学院,-1,81,51,-1
大连财经学院,3538,32,35,3277.0
湖北科技职业学院,4585,51,50,-1
西安交通工程学院,3749,56,43,-1
铁岭卫生职业学院,-1,47,-1,-1
宁波卫生职业技术学院,-1,36,25,-1
天津公安警官职业学院,4541,46,44,-1
福州英华职业学院,3625,73,33,3452.0
梧州职业学院,-1,22,85,-1
西安东方亚太职业技术学院,-1,64,66,-1
枣庄科技职业学院,3667,14,58,-1
甘肃警察职业学院,4072,42,67,-1
七台河职业学院,3483,15,72,-1
齐齐哈尔理工职业学院,-1,33,-1,-1
台州科技职业学院,5385,36,37,-1
合肥科技职业学院,-1,26,-1,-1
泉州华光职业学院,-1,42,-1,-1
河池学院,5124,28,57,3908.0
重庆财经职业学院,3983,69,22,3536.0
昆明卫生职业学院,-1,100,-1,-1
苏州港大思培科技职业学院,-1,57,38,-1
青岛理工大学琴岛学院,5000,47,51,4001.0
延边职业技术学院,-1,50,-1,-1
长沙电力职业技术学院,4034,44,63,3483.0
重庆电信职业学院,-1,100,-1,-1
内蒙古商贸职业学院,3892,29,24,3773.0
海南科技职业学院,-1,26,68,-1
四平职业大学,5929,45,43,-1
右江民族医学院,3946,25,30,-1
辽宁工程职业学院,-1,28,74,-1
北京戏曲艺术职业学院,-1,81,31,-1
安徽扬子职业技术学院,-1,50,-1,-1
辽宁装备制造职业技术学院,3483,69,66,-1
辽宁城市建设职业技术学院,-1,77,77,-1
吉林化工学院,5255,22,62,5660.0
仙桃职业学院,4342,21,44,-1
广州松田职业学院,-1,59,51,-1
文山学院,-1,47,-1,-1
渭南职业技术学院,3589,54,18,-1
海南工商职业学院,-1,28,59,-1
中原工学院信息商务学院,4166,49,46,4908.0
湖北国土资源职业学院,5355,19,63,3643.0
厦门城市职业学院,4195,67,33,-1
陕西旅游烹饪职业学院,3803,52,62,-1
云南能源职业技术学院,4199,44,71,-1
山东警察学院,-1,24,-1,-1
广安职业技术学院,4494,53,38,-1
泰山护理职业学院,-1,30,-1,-1
贵州轻工职业技术学院,3892,47,51,-1
新疆现代职业技术学院,-1,40,20,-1
桂林山水职业学院,4198,24,43,-1
广东文艺职业学院,4996,67,45,5035.0
甘肃交通职业技术学院,4226,42,63,3643.0
安阳师范学院人文管理学院,3238,31,35,-1
合肥共达职业技术学院,-1,42,82,-1
广西艺术学院,5987,27,41,6258.0
泉州理工职业学院,3483,21,46,-1
辽宁地质工程职业学院,-1,33,65,-1
河南农业职业学院,4170,53,50,3357.0
廊坊燕京职业技术学院,-1,50,-1,-1
黑龙江职业学院,5716,51,36,-1
晋中职业技术学院,4194,34,51,-1
大连汽车职业技术学院,-1,57,63,-1
宣化科技职业学院,-1,51,40,-1
广西工商职业技术学院,3736,42,29,3399.0
安康职业技术学院,3536,35,31,-1
广东科贸职业学院,3696,65,46,3585.0
四川现代职业学院,-1,78,40,-1
遵义师范学院,4184,17,46,5000.0
呼伦贝尔职业技术学院,-1,28,-1,-1
河南工业和信息化职业学院,4432,39,72,-1
黄冈科技职业学院,4308,20,53,-1
福建艺术职业学院,-1,54,30,-1
长春科技学院,3404,27,42,3881.0
四川长江职业学院,-1,79,53,-1
兴安职业技术学院,3803,29,57,-1
百色职业学院,-1,26,70,-1
民办四川天一学院,4092,69,38,-1
山西警官职业学院,4295,51,50,-1
武汉外语外事职业学院,-1,45,18,-1
皖南医学院,5923,17,58,5715.0
天津艺术职业学院,4199,63,23,-1
赣南医学院,5409,12,51,5408.0
应天职业技术学院,3643,65,53,-1
潍坊工程职业学院,-1,24,44,-1
长春信息技术职业学院,3483,49,37,3647.0
广州华夏职业学院,-1,58,68,-1
重庆能源职业学院,-1,86,63,-1
吉林铁道职业技术学院,4751,47,46,-1
安徽现代信息工程职业学院,-1,35,54,-1
泉州海洋职业学院,-1,50,-1,-1
哈尔滨剑桥学院,-1,56,41,-1
武汉体育学院体育科技学院,-1,51,65,3344.0
四川文化传媒职业学院,3803,72,32,-1
广州体育职业技术学院,-1,67,71,-1
山西华澳商贸职业学院,-1,39,80,-1
内蒙古丰州职业学院,-1,34,32,-1
周口科技职业学院,-1,35,65,-1
佳木斯职业学院,-1,24,57,-1
湖南有色金属职业技术学院,-1,33,-1,-1
青海建筑职业技术学院,5595,35,59,-1
通辽职业学院,4001,24,25,-1
北京中医药大学东方学院,3572,42,36,3904.0
江苏城市职业学院,4223,28,43,-1
浙江越秀外国语学院,-1,31,19,-1
广州珠江职业技术学院,-1,46,48,-1
宣城职业技术学院,5059,23,46,-1
湖南水利水电职业技术学院,5054,36,75,5385.0
石家庄科技工程职业学院,-1,39,40,-1
陕西电子科技职业学院,3589,62,55,-1
山东传媒职业学院,-1,60,54,-1
武汉工商学院,-1,52,47,-1
北京卫生职业学院,-1,50,-1,-1
广西演艺职业学院,-1,34,51,-1
民办南华工商学院,-1,65,41,-1
安徽绿海商务职业学院,-1,43,37,-1
内蒙古经贸外语职业学院,-1,37,19,-1
湖南都市职业学院,3803,35,41,-1
广东信息工程职业学院,-1,60,-1,-1
济南工程职业技术学院,3709,52,58,4644.0
广东白云学院,5833,56,50,4329.0
重庆第二师范学院,5596,71,13,-1
西安翻译学院,5138,27,32,6438.0
六盘水师范学院,-1,33,-1,-1
南宁学院,-1,30,-1,-1
西安文理学院,3917,68,42,4573.0
兰州文理学院,-1,28,58,-1
宁波大学科学技术学院,5833,46,45,3513.0
吉林师范大学博达学院,3231,28,22,3154.0
江苏科技大学,6222,19,69,8170.0
重庆旅游职业学院,-1,55,-1,-1
黔南民族师范学院,4820,12,55,-1
皖西卫生职业学院,-1,48,21,-1
云南国防工业职业技术学院,3803,71,59,-1
山西艺术职业学院,3935,47,39,-1
辽宁轨道交通职业学院,-1,100,-1,-1
湖南现代物流职业技术学院,3803,39,35,3483.0
江西泰豪动漫职业学院,-1,25,70,-1
河北体育学院,4327,31,69,4287.0
山西戏剧职业学院,3589,56,32,-1
西藏职业技术学院,-1,28,-1,-1
云南锡业职业技术学院,-1,32,79,-1
钦州学院,-1,18,54,-1
遵义职业技术学院,3903,28,61,-1
青海警官职业学院,3643,26,54,-1
长沙卫生职业学院,-1,69,3,-1
武汉纺织大学外经贸学院,-1,45,50,-1
华北电力大学科技学院,5000,26,67,-1
辽宁警察学院,-1,35,53,-1
新乡医学院三全学院,5805,34,32,-1
南京师范大学泰州学院,5000,23,32,3268.0
辽宁中医药大学杏林学院,-1,54,32,-1
重庆理工大学,5714,53,64,6405.0
西安建筑科技大学华清学院,5000,61,58,5000.0
烟台大学文经学院,3231,28,45,-1
赣南师范学院科技学院,4583,17,39,-1
武汉工程科技学院,5000,44,38,4546.0
中国矿业大学银川学院,-1,37,72,-1
西南财经大学天府学院,-1,73,35,4097.0
西安工程大学,5683,35,52,6932.0
大连医科大学中山学院,-1,42,38,-1
南京师范大学中北学院,3791,46,30,-1
山西大学商务学院,3403,54,42,3865.0
菏泽学院,4926,17,50,3154.0
齐鲁师范学院,4373,30,56,-1
四川财经职业学院,4435,80,24,-1
温州大学城市学院,5833,32,55,-1
安徽体育运动职业技术学院,5475,42,52,-1
浙江横店影视职业学院,-1,52,31,-1
赤峰工业职业技术学院,-1,44,-1,-1
天津生物工程职业技术学院,3231,76,31,2605.0
吉林警察学院,-1,57,-1,-1
松原职业技术学院,3399,50,50,-1
河南工业贸易职业学院,3399,60,43,3463.0
黑龙江民族职业学院,3399,52,26,-1
潍坊工商职业学院,3441,22,46,-1
河南检察职业学院,3452,48,55,3559.0
武汉工程大学邮电与信息工程学院,5000,52,65,7000.0
湖北生物科技职业学院,3483,40,40,3937.0
天津冶金职业技术学院,3483,78,56,3405.0
沈阳职业技术学院,3483,73,53,3965.0
武汉软件工程职业学院,3483,40,62,3825.0
北京电影学院现代创意媒体学院,-1,100,-1,-1
杭州电子科技大学信息工程学院,5833,64,60,-1
昆明理工大学,6072,36,66,7722.0
北京交通大学海滨学院,-1,41,54,-1
吉林建筑大学城建学院,-1,27,70,-1
铜陵学院,5480,22,63,6347.0
广西中医药大学赛恩斯新医药学院,-1,29,-1,-1
延安大学西安创新学院,3373,64,38,3215.0
长春工业大学人文信息学院,3587,35,44,3590.0
池州学院,-1,22,51,-1
郑州科技学院,5530,44,63,-1
陕西国际商贸学院,5805,42,46,-1
上海海关学院,-1,60,54,-1
山西医科大学晋祠学院,-1,45,39,-1
山东财经大学燕山学院,-1,40,36,-1
景德镇陶瓷学院科技艺术学院,5385,22,46,-1
安徽中澳科技职业学院,3483,43,32,3483.0
福建农业职业技术学院,3483,51,33,-1
烟台工程职业技术学院,3483,61,76,-1
青岛求实职业技术学院,3483,44,50,3743.0
昆山登云科技职业学院,3483,43,65,-1
云南农业职业技术学院,3483,62,47,-1
辽宁林业职业技术学院,3483,61,33,3508.0
四川商务职业学院,3483,71,25,3654.0
山东经贸职业学院,3483,34,33,3483.0
山东凯文科技职业学院,3483,38,62,-1
福州软件职业技术学院,3483,63,51,-1
天津交通职业学院,3483,69,52,3801.0
云南经济管理学院,3483,76,46,3589.0
广西电力职业技术学院,3483,28,68,-1
河北女子职业技术学院,3483,34,6,-1
海南外国语职业学院,3483,15,14,3483.0
石家庄信息工程职业学院,3483,47,40,3818.0
北京工商大学嘉华学院,7500,80,32,5400.0
西安理工大学高科学院,-1,68,49,-1
广东药学院,5406,56,51,5994.0
昆明医科大学海源学院,-1,78,-1,-1
山东科技大学泰山科技学院,5249,19,56,-1
哈尔滨远东理工学院,4125,37,39,3751.0
沈阳城市学院,5000,49,42,-1
河南科技学院新科学院,3231,30,50,-1
上海财经大学浙江学院,-1,31,39,-1
黑龙江工商学院,3749,45,36,-1
山西师范大学现代文理学院,4115,36,37,-1
黑龙江财经学院,-1,43,36,2083.0
陕西服装工程学院,-1,18,39,-1
岭南师范学院,5106,39,38,5348.0
新疆工程学院,-1,36,-1,-1
新疆农业大学科学技术学院,-1,66,50,-1
武汉大学珞珈学院,-1,47,53,-1
天津海运职业学院,3483,67,67,-1
浙江国际海运职业技术学院,3483,29,45,-1
湖北艺术职业学院,3483,59,23,3560.0
海南经贸职业技术学院,3483,17,42,3505.0
苏州经贸职业技术学院,3483,62,32,3863.0
惠州经济职业技术学院,3483,26,48,3536.0
黑龙江生物科技职业学院,3483,50,27,3483.0
三亚航空旅游职业学院,3483,13,63,-1
江海职业技术学院,3483,23,55,-1
吉林电子信息职业技术学院,3483,43,36,3899.0
青岛港湾职业技术学院,3483,51,64,3893.0
黑龙江农业经济职业学院,3483,31,36,3743.0
天津城市建设管理职业技术学院,3483,75,59,-1
山西国际商务职业学院,3483,47,24,-1
湖北经济学院法商学院,4583,48,37,3838.0
四川工业科技学院,3483,70,40,3581.0
山东外国语职业学院,3483,19,32,-1
武昌工学院,5000,45,53,4566.0
新疆财经大学商务学院,-1,40,40,-1
湖南理工学院南湖学院,-1,23,41,-1
内蒙古师范大学鸿德学院,-1,29,28,-1
河北医科大学临床学院,4374,33,35,-1
公安海警学院,-1,100,-1,-1
哈尔滨石油学院,3750,40,70,-1
齐鲁医药学院,-1,28,58,-1
内蒙古财经大学,5845,25,34,5870.0
齐齐哈尔工程学院,-1,76,-1,-1
新疆医科大学,5324,51,48,6408.0
江西科技师范大学,5901,20,47,7324.0
天津师范大学津沽学院,4791,61,27,3231.0
太原科技大学华科学院,3154,40,57,-1
吉林农业科技学院,4002,32,51,4197.0
湖南安全技术职业学院,3483,37,39,-1
福州黎明职业技术学院,3483,63,42,3483.0
天津城市职业学院,3483,92,29,3532.0
湖北财税职业学院,3483,47,22,3399.0
山东圣翰财贸职业学院,3483,42,50,3735.0
武汉民政职业学院,3483,52,23,3803.0
辽宁金融职业学院,3483,65,18,3614.0
山西信息职业技术学院,3483,31,65,4212.0
陕西青年职业学院,3483,72,34,3475.0
陕西经济管理职业技术学院,3483,75,26,3721.0
安徽新闻出版职业技术学院,3483,43,34,-1
天津工艺美术职业学院,3483,85,40,4170.0
四川邮电职业技术学院,3483,70,43,3740.0
福建卫生职业技术学院,3483,66,24,-1
四川文化产业职业学院,3536,75,33,3505.0
湖北工业大学工程技术学院,4583,51,58,3192.0
广西农业职业技术学院,3536,32,42,3597.0
辽宁商贸职业学院,3536,66,23,3462.0
宝鸡职业技术学院,3536,51,30,-1
广西师范学院师园学院,-1,43,41,-1
首都医科大学,6780,88,40,6516.0
电子科技大学,7638,45,71,9527.0
北京航空航天大学,9019,64,74,11463.0
暨南大学,8188,47,45,9681.0
北京理工大学,8736,63,64,10849.0
华南理工大学,8723,54,69,10809.0
哈尔滨工业大学,8209,23,69,11071.0
中央财经大学,9920,67,37,11949.0
中国政法大学,6993,61,40,8223.0
华东师范大学,8778,84,33,11059.0
中国传媒大学,8180,69,35,9629.0
东南大学,8235,35,66,10998.0
西安交通大学,8499,22,70,11597.0
浙江水利水电学院,5595,62,64,5257.0
上海应用技术学院,6927,95,50,8159.0
湖南城建职业技术学院,5665,35,68,5420.0
咸阳职业技术学院,3505,53,51,-1
长安大学兴华学院,-1,64,65,-1
西安财经学院行知学院,3750,71,26,3077.0
辽宁何氏医学院,-1,55,30,-1
河北金融学院,7563,34,33,-1
哈尔滨金融学院,6669,48,23,-1
华南农业大学珠江学院,-1,56,45,3749.0
西安工业大学北方信息工程学院,3177,59,62,-1
上海建桥学院,6461,90,44,5486.0
黑龙江外国语学院,-1,38,30,-1
首都体育学院,5724,85,57,5704.0
山东管理学院,3315,60,46,-1
天津医科大学临床医学院,-1,42,35,-1
宿州学院,6153,24,62,5193.0
广州商学院,4540,59,38,4437.0
湖南工业大学科技学院,4184,20,50,4038.0
内蒙古大学创业学院,-1,48,50,-1
吕梁学院,-1,25,43,-1
文华学院,5277,45,59,6444.0
郑州工业应用技术学院,-1,54,57,-1
湖南农业大学东方科技学院,3765,48,50,-1
安徽建筑大学城市建设学院,-1,23,-1,-1
辽宁师范大学海华学院,3231,41,23,-1
蚌埠学院,5833,25,67,-1
青岛滨海学院,4995,44,48,5000.0
黑河学院,3401,27,36,3420.0
成都文理学院,5000,71,31,3982.0
贵阳中医学院时珍学院,-1,19,-1,-1
安徽三联学院,5478,34,56,-1
河南警察学院,-1,28,-1,-1
重庆工商大学派斯学院,3750,50,37,4935.0
泰山医学院,5048,19,39,5678.0
河北工程大学科信学院,3750,24,57,-1
武汉音乐学院,4631,51,28,4707.0
武汉纺织大学,6062,33,50,7202.0
长沙理工大学城南学院,5500,54,55,-1
西北工业大学明德学院,4583,75,54,5000.0
中南林业科技大学,5674,25,55,6836.0
山东体育学院,3956,35,72,4088.0
江西服装学院,6741,14,33,7171.0
贵州工程应用技术学院,-1,12,62,-1
陕西科技大学镐京学院,3452,51,44,3904.0
遵义医学院,5008,13,39,5101.0
济南大学,4990,38,53,6542.0
辽宁对外经贸学院,4989,39,29,4357.0
温州医科大学仁济学院,-1,34,-1,-1
南京中医药大学翰林学院,-1,30,23,-1
江苏科技大学苏州理工学院,-1,17,52,-1
浙江中医药大学滨江学院,-1,61,25,-1
辽宁医学院医疗学院,-1,42,27,-1
北京师范大学-香港浸会大学联合国际学院,-1,26,29,-1
衡阳师范学院南岳学院,-1,22,35,-1
山西农业大学信息学院,3080,37,49,3199.0
安徽医科大学临床医学院,4174,30,38,-1
华北理工大学冀唐学院,5000,24,28,-1
遵义医学院医学与科技学院,-1,75,-1,-1
贵州医科大学神奇民族医药学院,-1,40,-1,-1
湖南科技大学潇湘学院,5284,22,52,-1
常州大学怀德学院,-1,27,52,-1
贵州大学明德学院,-1,54,65,-1
北京交通职业技术学院,3536,95,55,3589.0
福建对外经济贸易职业技术学院,3536,43,29,3441.0
长春职业技术学院,3589,65,43,3976.0
陕西学前师范学院,4291,68,52,-1
成都职业技术学院,3589,79,31,4000.0
济南职业学院,3589,62,42,3975.0
珠海艺术职业学院,3589,27,43,-1
山东劳动职业技术学院,3589,62,71,3676.0
哈尔滨电力职业技术学院,3589,41,68,3399.0
山东电子职业技术学院,3589,53,66,3764.0
廊坊职业技术学院,3589,39,40,3760.0
吉林工业职业技术学院,3589,37,46,3668.0
山东工业职业学院,3589,23,66,3592.0
黑龙江交通职业技术学院,3589,29,72,-1
成都农业科技职业学院,3589,73,53,4482.0
宁波城市职业技术学院,3589,58,36,3589.0
北海职业学院,3589,28,55,-1
山东信息职业技术学院,3589,21,54,3520.0
天津体育学院运动与文化艺术学院,-1,46,29,-1
新疆医科大学厚博学院,-1,33,-1,-1
河南牧业经济学院,-1,31,-1,-1
四川旅游学院,-1,26,-1,-1
南京医科大学康达学院,-1,42,36,-1
贵州师范大学求是学院,-1,49,37,-1
江苏师范大学科文学院,3750,21,34,-1
桂林理工大学博文管理学院,5000,17,63,-1
广东技术师范学院天河学院,-1,60,55,-1
大连工业大学艺术与信息工程学院,3490,59,27,-1
浙江海洋学院东海科学技术学院,-1,32,55,-1
云南师范大学文理学院,3750,58,35,-1
兰州城市学院,6416,42,47,-1
长江大学工程技术学院,5000,23,75,-1
长沙商贸旅游职业技术学院,3589,51,17,3952.0
陕西财经职业技术学院,3589,66,17,3433.0
黑龙江农垦职业学院,3589,47,21,3599.0
山东外贸职业学院,3589,71,24,3975.0
辽阳职业技术学院,3589,43,40,3399.0
陕西警官职业学院,3589,75,37,3505.0
乌兰察布职业学院,3589,21,49,-1
内蒙古化工职业学院,3589,28,51,-1
四川管理职业学院,3589,78,29,3438.0
永城职业学院,3589,35,60,-1
淄博职业学院,3589,27,44,3777.0
黑龙江信息技术职业学院,3589,52,65,3789.0
湖北商贸学院,5385,51,54,4029.0
黑龙江旅游职业技术学院,3589,45,32,3673.0
天津财经大学珠江学院,-1,62,33,3000.0
云南艺术学院文华学院,3529,42,48,-1
北京第二外国语学院中瑞酒店管理学院,-1,75,38,-1
沈阳化工大学科亚学院,-1,56,49,-1
中北大学信息商务学院,3315,48,59,3077.0
阜阳师范学院信息工程学院,3154,24,34,-1
石家庄经济学院华信学院,3483,39,39,4037.0
湖南文理学院芙蓉学院,5000,21,46,3077.0
广西民族大学相思湖学院,3374,45,37,3115.0
河北农业大学现代科技学院,4791,22,50,-1
商丘工学院,-1,37,-1,-1
成都工业学院,-1,46,80,-1
江西师范大学科学技术学院,3750,30,33,-1
南京工业大学浦江学院,3583,36,71,-1
湖南网络工程职业学院,3589,38,49,3869.0
山东科技职业学院,3589,24,52,3633.0
福建林业职业技术学院,3589,37,51,3749.0
南京旅游职业学院,3589,56,23,3505.0
无锡工艺职业技术学院,3589,25,43,3536.0
天津渤海职业技术学院,3589,66,40,3874.0
苏州托普信息职业技术学院,3589,44,50,3721.0
江苏财经职业技术学院,3589,23,28,3656.0
陕西邮电职业技术学院,3624,62,44,3607.0
吉林科技职业技术学院,3632,79,68,-1
鹤壁职业技术学院,3643,35,49,3984.0
辽宁经济职业技术学院,3643,64,27,3514.0
陕西职业技术学院,3643,70,37,3942.0
天津青年职业学院,3643,85,32,3850.0
吉林司法警官职业学院,3643,45,36,-1
山东畜牧兽医职业学院,3643,13,44,3696.0
潍坊职业学院,3696,30,46,4049.0
黑龙江生态工程职业学院,3655,51,40,-1
天津理工大学中环信息学院,3000,74,69,3231.0
厦门工学院,-1,71,80,-1
青海大学昆仑学院,5000,11,60,-1
湖州师范学院求真学院,4791,46,43,-1
广州航海学院,-1,61,-1,-1
浙江财经大学东方学院,-1,50,34,-1
兰州财经大学陇桥学院,3791,38,41,3154.0
桂林航天工业学院,-1,14,-1,-1
淮北师范大学信息学院,-1,17,47,-1
中南林业科技大学涉外学院,5000,47,39,-1
黑龙江工业学院,5949,34,59,-1
新疆大学科学技术学院,-1,36,49,-1
福建农林大学东方学院,3993,47,43,3338.0
湖南工程学院应用技术学院,6756,18,60,-1
安徽师范大学皖江学院,5000,20,36,4583.0
安徽外国语学院,-1,62,-1,-1
广西科技大学鹿山学院,-1,14,73,-1
吉林工程技术师范学院,4839,41,48,5149.0
山东英才学院,-1,49,46,-1
青岛酒店管理职业技术学院,3696,58,32,3828.0
安徽电气工程职业技术学院,3696,43,74,3589.0
滨州职业学院,3696,16,45,3759.0
山东农业工程学院,3696,47,40,3988.0
青岛恒星科技学院,3696,36,51,3669.0
安徽冶金科技职业学院,3696,21,63,-1
唐山职业技术学院,3696,35,29,3833.0
枣庄学院,3750,16,48,3669.0
金肯职业技术学院,3696,63,65,-1
河北化工医药职业技术学院,3696,54,44,3534.0
辽宁医学院,4444,34,34,4801.0
乌鲁木齐职业大学,3696,49,38,-1
郑州师范学院,3677,70,44,-1
建东职业技术学院,3696,31,52,-1
天津现代职业技术学院,3696,71,37,4172.0
南京铁道职业技术学院,3696,44,49,3670.0
四川艺术职业学院,3696,76,38,-1
南京邮电大学通达学院,3993,56,68,4527.0
南通大学杏林学院,3296,28,34,-1
苏州大学应用技术学院,4643,54,39,-1
安徽大学江淮学院,4199,54,45,3847.0
湖南师范大学树达学院,4971,52,32,-1
福建农林大学金山学院,-1,56,56,3063.0
南华大学船山学院,-1,21,60,-1
南京审计学院金审学院,3200,41,28,3327.0
南京财经大学红山学院,5000,41,32,-1
南京理工大学泰州科技学院,4791,23,55,3972.0
嘉兴学院南湖学院,3750,36,30,-1
云南大学旅游文化学院,3750,16,35,3353.0
天津大学仁爱学院,-1,52,62,3154.0
广东海洋大学寸金学院,-1,30,45,-1
河北科技大学理工学院,3231,32,56,-1
安徽农业大学经济技术学院,4791,53,56,-1
重庆机电职业技术学院,3696,75,78,4475.0
江苏海事职业技术学院,3696,46,58,4285.0
重庆工程学院,3696,63,58,4001.0
贵州警官职业学院,3696,33,65,-1
西安铁路职业技术学院,3696,73,52,3451.0
山西财贸职业技术学院,3696,64,28,3666.0
唐山科技职业技术学院,3696,32,60,-1
天津中德职业技术学院,3696,79,49,3958.0
天津电子信息职业技术学院,3696,77,52,3940.0
石家庄学院,5268,38,48,4547.0
昆明艺术职业学院,3696,38,41,-1
吉林医药学院,4468,17,36,4077.0
无锡科技职业学院,3696,51,57,3884.0
河北政法职业学院,3696,33,30,4296.0
湖南外贸职业学院,3696,36,21,3685.0
兰州工业学院,-1,27,-1,-1
闽南理工学院,-1,31,70,-1
安徽工程大学机电学院,-1,21,68,-1
河北师范大学汇华学院,4583,42,21,3192.0
江西理工大学应用科学学院,4957,17,69,-1
兰州财经大学长青学院,3231,46,43,3217.0
湖南中医药大学湘杏学院,-1,41,-1,-1
沧州师范学院,-1,33,-1,-1
上海师范大学天华学院,5833,94,43,4583.0
扬州大学广陵学院,3612,21,44,-1
宁德师范学院,-1,33,-1,-1
河海大学文天学院,-1,16,68,-1
兰州理工大学技术工程学院,5000,33,79,-1
武汉设计工程学院,-1,54,44,4374.0
江西财经大学现代经济管理学院,5000,22,44,-1
宁波大红鹰学院,-1,43,47,-1
山东青年政治学院,4723,37,58,-1
湄洲湾职业技术学院,3696,21,71,-1
武汉商贸职业学院,3696,39,38,4058.0
广州工商学院,3696,61,52,3854.0
天津天狮学院,-1,78,47,-1
山东女子学院,5805,36,29,-1
辽宁石化职业技术学院,3696,29,51,3505.0
广州华立科技职业学院,3721,55,61,-1
广西民族师范学院,-1,24,39,-1
湖南女子学院,-1,43,2,-1
广西生态工程职业技术学院,3749,19,46,-1
呼和浩特职业学院,3749,39,36,-1
辽宁机电职业技术学院,3762,39,66,3974.0
广西国际商务职业技术学院,3762,34,26,3632.0
山东旅游职业学院,3762,48,33,3518.0
盐城卫生职业技术学院,3762,24,10,3473.0
长沙师范学院,3762,39,22,-1
信阳农林学院,-1,37,-1,-1
中国计量学院现代科技学院,-1,64,63,-1
江西农业大学南昌商学院,5234,20,45,3771.0
苏州科技学院天平学院,5124,63,54,-1
天津外国语大学滨海外事学院,-1,53,21,3115.0
辽宁财贸学院,-1,29,29,-1
长春建筑学院,4599,35,57,-1
河南大学民生学院,3749,35,48,-1
江苏大学京江学院,3749,18,58,-1
宁夏大学新华学院,5124,64,49,-1
东华理工大学长江学院,4583,17,63,-1
山西财经大学华商学院,3785,64,39,-1
山西传媒学院,-1,50,-1,-1
西安航空学院,-1,60,67,-1
南昌大学共青学院,6416,20,56,3425.0
福建师范大学闽南科技学院,4499,38,50,3264.0
郑州财经学院,3793,60,47,3671.0
太原学院,3803,59,38,3626.0
威海职业学院,3803,18,51,3927.0
常州轻工职业技术学院,3803,25,52,4548.0
许昌职业技术学院,3803,35,50,3928.0
辽宁广告职业学院,3803,65,34,3780.0
长沙环境保护职业技术学院,3803,35,37,4135.0
陕西交通职业技术学院,3803,72,62,3978.0
无锡商业职业技术学院,3803,40,33,4594.0
泰州学院,3803,19,26,3574.0
陕西能源职业技术学院,3803,59,57,4792.0
东营职业学院,3803,27,44,4020.0
广东女子职业技术学院,3803,64,0,4208.0
四川托普信息技术职业学院,3803,74,47,3815.0
长春中医药大学,4195,49,27,4498.0
长春师范大学,4280,43,27,5111.0
吉首大学张家界学院,6192,23,33,3238.0
河北经贸大学经济管理学院,3752,42,31,3460.0
黑龙江东方学院,4861,46,44,5560.0
天津商业大学宝德学院,3374,56,30,3598.0
浙江理工大学科技与艺术学院,4117,70,43,-1
石家庄铁道大学四方学院,4676,29,50,-1
潍坊科技学院,-1,18,63,-1
湖南商学院北津学院,6999,48,38,3346.0
广东外语外贸大学南国商学院,-1,62,27,4434.0
阳光学院,4348,51,41,3753.0
南昌工学院,-1,30,-1,-1
江西旅游商贸职业学院,3803,19,41,3914.0
商丘职业技术学院,3803,38,49,3913.0
白城师范学院,4117,37,43,3519.0
常州机电职业技术学院,3803,25,74,4265.0
广州城市职业学院,3803,82,42,4417.0
黑龙江农业工程职业学院,3803,51,59,4067.0
陕西国防工业职业技术学院,3803,61,66,4453.0
黑龙江司法警官职业学院,3803,51,28,3847.0
陕西航空职业技术学院,3803,53,64,4050.0
山东水利职业学院,3803,20,62,4491.0
滨州学院,5833,16,52,5430.0
河南职业技术学院,3803,54,56,4685.0
哈尔滨职业技术学院,3803,56,54,5212.0
武汉铁路职业技术学院,3803,52,55,3598.0
兰州职业技术学院,3803,41,60,4329.0
南京特殊教育师范学院,3803,35,11,-1
大连职业技术学院,3803,72,42,4077.0
长江师范学院,4540,64,41,4488.0
江西中医药大学科技学院,-1,21,44,-1
东北师范大学人文学院,4352,34,26,3661.0
贵州大学科技学院,5000,55,46,-1
山东协和学院,-1,30,-1,-1
同济大学浙江学院,-1,38,62,-1
东南大学成贤学院,6111,43,63,5181.0
成都理工大学工程技术学院,5000,50,67,4122.0
北京邮电大学世纪学院,5317,79,58,5211.0
重庆工商大学融智学院,3750,70,40,3000.0
安顺学院,-1,20,59,-1
衢州学院,-1,27,-1,-1
北京科技大学天津学院,4585,31,52,4069.0
日照职业技术学院,3803,16,49,3710.0
天津农学院,4028,70,36,4656.0
江西电力职业技术学院,3803,15,80,3883.0
湖南司法警官职业学院,3803,37,46,-1
武汉交通职业学院,3803,37,61,4959.0
江苏经贸职业技术学院,3803,48,25,4235.0
武汉警官职业学院,3803,31,51,4231.0
黄河交通学院,3803,61,76,3946.0
天津轻工职业技术学院,3803,63,54,4113.0
江苏信息职业技术学院,3803,39,56,3813.0
天津机电职业技术学院,3803,69,62,4094.0
莱芜职业技术学院,3803,18,57,4012.0
无锡城市职业技术学院,3803,42,47,3628.0
新疆交通职业技术学院,3803,31,76,-1
西安培华学院,4852,45,39,5164.0
烟台职业学院,3803,41,44,4456.0
河北民族师范学院,-1,60,50,-1
青岛黄海学院,3751,32,56,-1
南京信息工程大学滨江学院,5000,44,45,3697.0
广西师范大学漓江学院,4541,14,38,3192.0
昆明理工大学津桥学院,3154,60,51,3268.0
福州大学至诚学院,3974,60,60,3231.0
安徽工业大学工商学院,4583,18,58,3263.0
太原理工大学现代科技学院,5000,53,56,-1
安徽财经大学商学院,5385,20,43,-1
南昌大学科学技术学院,6066,26,56,3749.0
广西大学行健文理学院,6374,51,42,-1
兰州交通大学博文学院,4583,26,63,-1
中国矿业大学徐海学院,3572,24,58,3443.0
湖北轻工职业技术学院,3803,47,59,4063.0
武汉电力职业技术学院,3803,56,68,4475.0
辽宁科技学院,4166,33,61,3763.0
安徽财贸职业学院,3803,42,38,3625.0
河北交通职业技术学院,3803,36,51,3758.0
湖北交通职业技术学院,3803,49,66,4895.0
安徽城市管理职业学院,3803,48,30,3517.0
西安航空职业技术学院,3803,58,71,4234.0
天津滨海职业学院,3803,73,35,4103.0
黑龙江商业职业学院,3815,27,34,4026.0
扬州工业职业技术学院,3828,18,55,4206.0
西安职业技术学院,3828,73,51,5385.0
沈阳大学,4195,68,39,7220.0
川北医学院,5128,40,26,4213.0
吉林工商学院,4693,58,33,3023.0
黑龙江农垦科技职业学院,3828,46,55,-1
濮阳职业技术学院,3828,36,50,3871.0
南昌航空大学科技学院,5500,22,79,-1
贺州学院,-1,25,50,-1
大连理工大学城市学院,4733,48,50,4590.0
长治学院,3421,23,51,-1
上海外国语大学贤达经济人文学院,6999,92,24,5805.0
上海视觉艺术学院,6666,79,31,5833.0
东莞理工学院城市学院,4583,68,51,3489.0
中国地质大学长城学院,5000,29,47,3116.0
绥化学院,4263,29,38,3810.0
广州大学松田学院,4499,53,51,3873.0
楚雄师范学院,4980,34,56,-1
江西外语外贸职业学院,3828,23,25,4185.0
长治职业技术学院,3828,22,71,-1
山西机电职业技术学院,3828,25,83,3902.0
酒泉职业技术学院,3828,17,54,-1
福建电力职业技术学院,3828,26,76,-1
平顶山工业职业技术学院,3828,35,54,4144.0
青海交通职业技术学院,3828,40,38,-1
四川航天职业技术学院,3828,65,69,4160.0
济宁学院,-1,21,52,-1
辽宁农业职业技术学院,3828,47,30,4017.0
江苏商贸职业学院,3828,60,16,-1
河南经贸职业学院,3828,63,33,3573.0
天津石油职业技术学院,3850,58,74,3542.0
鞍山师范学院,4525,25,28,4879.0
吉林交通职业技术学院,3869,66,50,3994.0
中山大学新华学院,4075,72,41,4266.0
燕山大学里仁学院,4861,28,57,4736.0
中山大学南方学院,-1,59,42,4583.0
武夷学院,-1,31,49,-1
福建江夏学院,-1,65,44,-1
大庆师范学院,3827,21,36,3492.0
西北大学现代学院,5000,76,39,3490.0
南京大学金陵学院,5003,47,43,5000.0
广东培正学院,4167,55,42,4077.0
南京理工大学紫金学院,5000,35,60,4452.0
湖北科技学院,5234,23,49,5978.0
福州外语外贸学院,-1,50,-1,-1
三江学院,4861,44,47,5255.0
西北师范大学知行学院,5000,46,40,-1
新疆轻工职业技术学院,3869,34,42,-1
浙江长征职业技术学院,3869,64,45,3651.0
黑龙江农业职业技术学院,3869,31,43,3643.0
云南民族大学,4385,60,43,4018.0
郑州电子信息职业技术学院,3892,42,74,3760.0
汕尾职业技术学院,3892,35,42,3775.0
信阳职业技术学院,3894,33,28,-1
山东交通职业学院,3935,21,76,3880.0
长沙医学院,6401,42,43,-1
广西水利电力职业技术学院,3935,30,66,3841.0
苏州农业职业技术学院,3935,58,33,3952.0
合肥通用职业技术学院,3935,50,77,4061.0
重庆信息技术职业学院,3935,37,55,4169.0
大连东软信息学院,4902,46,57,5260.0
广东第二师范学院,5263,63,29,5229.0
昌吉学院,4960,27,36,-1
北华航天工业学院,6306,43,60,7000.0
呼伦贝尔学院,5083,24,49,4367.0
西交利物浦大学,-1,42,39,-1
福建师范大学协和学院,4375,55,39,3471.0
云南大学滇池学院,5000,50,42,3489.0
无锡太湖学院,4027,45,38,4044.0
云南师范大学商学院,4647,51,40,3533.0
三明学院,5000,30,60,-1
集美大学诚毅学院,5811,53,49,3273.0
唐山学院,5256,41,51,6193.0
河北大学工商学院,4449,32,39,5504.0
武汉理工大学华夏学院,5000,49,58,4792.0
南开大学滨海学院,5000,47,42,4757.0
湖南艺术职业学院,3935,43,42,4470.0
武汉生物工程学院,5561,37,59,4353.0
河北工程技术学院,3935,34,40,3894.0
杨凌职业技术学院,3935,65,49,4981.0
罗定职业技术学院,3935,38,48,3715.0
通化师范学院,4334,32,32,4735.0
陕西工业职业技术学院,3935,58,54,4494.0
江汉大学,4990,62,48,6510.0
山东政法学院,4063,51,43,3828.0
四川工商职业技术学院,3935,67,38,3986.0
钟山职业技术学院,3935,69,52,-1
重庆航天职业技术学院,3935,71,53,3853.0
山东铝业职业学院,3935,16,58,3948.0
泰山学院,4645,16,52,5732.0
绵阳师范学院,4453,45,41,4756.0
德州科技职业学院,3935,27,49,4216.0
南宁职业技术学院,3935,29,52,4121.0
吉林华桥外国语学院,5000,21,21,5011.0
齐鲁工业大学,4719,33,55,5442.0
南京森林警察学院,-1,33,-1,-1
曲靖师范学院,4961,31,54,-1
杭州师范大学钱江学院,5000,74,42,-1
绍兴文理学院元培学院,7250,34,40,-1
太原工业学院,4936,15,67,5218.0
首都师范大学科德学院,5000,79,38,4891.0
桂林电子科技大学信息科技学院,7000,18,71,3899.0
新余学院,-1,14,76,-1
长春理工大学光电信息学院,5000,39,66,4327.0
安康学院,5120,55,47,-1
广东石油化工学院,5652,35,66,6251.0
辽东学院,4772,34,31,4679.0
广东工业大学华立学院,6416,53,56,4916.0
广州大学华软软件学院,-1,63,68,6125.0
河北建材职业技术学院,3935,34,39,4131.0
福建信息职业技术学院,3935,54,65,4250.0
山东商业职业技术学院,3935,44,48,4904.0
北京政法职业学院,3935,97,34,3940.0
河套学院,3935,17,44,-1
湖南信息学院,3935,33,46,4278.0
四川电力职业技术学院,3935,72,61,4828.0
湖南石油化工职业技术学院,3935,17,71,-1
聊城职业技术学院,3935,20,48,-1
南京机电职业技术学院,3935,54,72,3901.0
唐山师范学院,4517,41,36,5167.0
中国民用航空飞行学院,5948,21,64,5851.0
武汉航海职业技术学院,3935,44,72,4642.0
衡水职业技术学院,3935,43,39,3483.0
常德职业技术学院,3935,18,45,-1
清远职业技术学院,3935,44,47,4822.0
武昌首义学院,4679,47,57,5848.0
仲恺农业工程学院,5564,71,55,6884.0
华东交通大学理工学院,5341,18,64,3669.0
江苏第二师范学院,4679,41,19,4193.0
榆林学院,5000,48,60,-1
湖北文理学院,5672,21,59,7118.0
安徽新华学院,5205,43,58,4375.0
保定学院,-1,43,35,-1
烟台南山学院,5195,13,54,3821.0
浙江工业大学之江学院,5249,69,49,4666.0
北京工业大学耿丹学院,8999,82,48,-1
梧州学院,5249,31,55,5653.0
江苏理工学院,5130,26,37,5895.0
私立华联学院,3935,67,49,4622.0
重庆三峡学院,5110,48,48,6385.0
青岛职业技术学院,3935,79,51,4666.0
湖南医药学院,3935,24,27,3721.0
周口职业技术学院,3957,35,57,3861.0
乐山职业技术学院,3957,46,24,-1
郑州职业技术学院,3957,51,62,3915.0
武汉信息传播职业技术学院,3960,37,27,3699.0
沈阳工业大学,5267,42,61,7100.0
湖北开放职业学院,3960,49,46,-1
河北旅游职业学院,3960,51,19,3688.0
内蒙古交通职业技术学院,3960,16,68,-1
苏州工业职业技术学院,3972,69,55,3626.0
江苏农林职业技术学院,3966,32,42,3632.0
大庆职业学院,3999,24,57,4468.0
山东力明科技职业学院,3999,29,37,4060.0
琼州学院,5461,13,59,-1
浙江大学宁波理工学院,6239,38,57,6819.0
天津城建大学,5607,64,60,7836.0
攀枝花学院,5211,48,64,6086.0
河南城建学院,5923,23,68,6119.0
西安思源学院,4701,34,66,5298.0
淮阴工学院,5213,19,61,5925.0
防灾科技学院,7083,53,50,-1
河北工业大学城市学院,5249,41,57,-1
玉林师范学院,4332,20,42,4353.0
天津职业技术师范大学,4977,47,50,5862.0
徐州工程学院,5406,18,53,5674.0
湖南人文科技学院,5683,26,53,4177.0
浙江外国语学院,6098,67,28,-1
湖南警察学院,4792,32,54,-1
温州大学瓯江学院,5000,35,50,-1
安阳工学院,5277,22,63,5525.0
西京学院,4737,44,59,5029.0
安徽广播影视职业技术学院,3999,42,37,4026.0
西藏民族大学,5199,11,42,5000.0
山东外事翻译职业学院,4001,26,24,3801.0
重庆工贸职业技术学院,4001,74,50,-1
青岛农业大学,4711,44,48,5511.0
忻州师范学院,4906,29,40,5423.0
武汉工贸职业学院,4012,45,51,-1
安徽邮电职业技术学院,4013,55,67,4495.0
云南科技信息职业学院,4019,75,49,-1
河南司法警官职业学院,4063,56,52,4998.0
绵阳职业技术学院,4063,50,55,4546.0
济宁医学院,4259,18,54,5168.0
平顶山学院,5916,26,50,4253.0
龙岩学院,5527,23,54,3750.0
金陵科技学院,5268,48,47,5023.0
南京航空航天大学金城学院,5000,34,56,4434.0
成都东软学院,6999,66,73,-1
赤峰学院,5209,30,48,7173.0
台州学院,5489,30,56,4728.0
广东警官学院,5341,62,52,5000.0
宁波工程学院,5609,48,54,7000.0
常熟理工学院,5396,49,56,6155.0
湖南财政经济学院,10449,57,23,-1
黄淮学院,6041,24,59,4831.0
阳江职业技术学院,4063,40,46,3734.0
抚顺职业技术学院,4063,34,52,3582.0
湖南电子科技职业学院,4063,29,57,3589.0
四川职业技术学院,4063,51,61,5331.0
柳州职业技术学院,4063,24,64,3547.0
河北机电职业技术学院,4063,38,75,4004.0
北京京北职业技术学院,4066,98,55,3810.0
重庆科创职业学院,4067,34,60,4319.0
安庆职业技术学院,4067,23,50,-1
河北工业职业技术学院,4067,37,61,4611.0
成都师范学院,4952,74,16,-1
南京信息职业技术学院,4067,45,53,5279.0
兰州理工大学,6072,14,71,7834.0
三门峡职业技术学院,4067,38,59,3897.0
湖南工学院,5862,27,73,5500.0
北京理工大学珠海学院,5833,25,55,5267.0
丽水学院,5833,42,59,-1
内江师范学院,4121,51,49,4679.0
西安欧亚学院,4840,44,52,5074.0
吉林大学珠海学院,5360,25,50,6456.0
浙江师范大学行知学院,5000,33,34,-1
滁州学院,6998,21,61,6833.0
三亚学院,4583,14,44,4107.0
哈尔滨学院,4243,46,37,5716.0
上海政法学院,7348,95,31,7484.0
大连艺术学院,4729,34,30,5352.0
商洛学院,6578,55,47,-1
上海对外经贸大学,9412,91,29,11138.0
中国劳动关系学院,6458,65,41,5416.0
福建警察学院,-1,46,66,-1
上海杉达学院,7107,92,32,7600.0
嘉应学院,5935,32,55,6255.0
长春工业大学,5360,35,60,6823.0
吉林师范大学,4733,27,31,5945.0
邯郸学院,5772,45,44,5079.0
硅湖职业技术学院,4067,41,58,-1
天津工程职业技术学院,4067,55,55,5169.0
长江职业学院,4067,47,48,4526.0
西安邮电大学,6774,40,55,8078.0
郑州铁路职业技术学院,4067,50,45,4597.0
湖南民族职业学院,4067,28,27,-1
广西交通职业技术学院,4067,34,62,3062.0
石家庄铁路职业技术学院,4067,32,48,4535.0
常州工程职业技术学院,4067,23,60,4590.0
常州纺织服装职业技术学院,4067,25,28,4214.0
邢台学院,5082,37,45,4928.0
西安外事学院,5138,40,42,5538.0
长沙学院,6239,39,50,6457.0
浙江工商大学杭州商学院,4444,66,31,-1
西安交通大学城市学院,4391,63,46,4147.0
贵州师范学院,5662,38,30,-1
昆明学院,4988,66,50,3750.0
苏州大学文正学院,4460,56,39,-1
北方民族大学,5775,16,58,6648.0
辽宁科技大学,5351,17,59,6457.0
北京建筑大学,7238,91,57,9786.0
南京体育学院,4784,53,53,4665.0
新乡学院,5998,25,54,-1
四川民族学院,-1,50,40,-1
四川警察学院,-1,47,47,-1
河南农业大学,4861,45,56,5877.0
广州工程技术职业学院,4067,72,51,4381.0
淮安信息职业技术学院,4067,25,59,4332.0
青岛科技大学,5226,43,58,6256.0
重庆城市管理职业学院,4067,64,33,3585.0
闽西职业技术学院,4067,24,52,3696.0
常州信息职业技术学院,4067,27,58,4270.0
武汉工程职业技术学院,4067,36,73,4593.0
安徽警官职业学院,4067,47,38,3797.0
天津外国语大学,5951,53,16,7440.0
北京农业职业学院,4067,98,40,4504.0
山西大同大学,5268,25,48,5930.0
沈阳工程学院,4545,51,56,5228.0
鲁东大学,4594,25,48,6233.0
内江职业技术学院,4092,57,54,3670.0
上海电机学院,6873,94,60,6125.0
浙江万里学院,5401,35,47,6575.0
华中师范大学武汉传媒学院,5000,49,38,4013.0
吉林体育学院,4191,42,77,4343.0
成都学院,4944,72,58,5537.0
中华女子学院,6021,67,2,6393.0
大连海洋大学,5406,48,50,6546.0
井冈山大学,5773,22,62,6420.0
辽宁工业大学,4990,31,62,7034.0
黑龙江工程学院,5821,30,67,6729.0
湖北警官学院,3817,37,53,4103.0
怀化学院,5944,26,50,6162.0
沈阳化工大学,4861,46,53,5694.0
南京晓庄学院,4679,48,29,5555.0
佛山科学技术学院,5405,58,55,5794.0
太原科技大学,6051,16,67,7163.0
沈阳医学院,4956,65,23,5536.0
郑州旅游职业学院,4117,57,22,3767.0
四川化工职业技术学院,4117,48,53,3515.0
山东城市建设职业学院,4117,62,66,-1
广州康大职业技术学院,4117,60,52,3828.0
山东中医药大学,5108,38,52,5059.0
新疆师范大学,4719,32,40,4673.0
甘肃工业职业技术学院,4131,16,68,3960.0
六安职业技术学院,4131,26,48,4610.0
湖南化工职业技术学院,4131,21,53,4054.0
秦皇岛职业技术学院,4131,42,32,4987.0
河南中医学院,5083,47,43,5071.0
沧州职业技术学院,4133,33,52,3506.0
安徽国防科技职业学院,4133,26,74,3842.0
湖北理工学院,6051,22,64,6642.0
上饶师范学院,5246,16,51,5612.0
西南林业大学,5128,42,59,5907.0
西安财经学院,4851,54,31,5761.0
运城学院,4601,19,56,4644.0
桂林理工大学,6152,22,57,6871.0
重庆文理学院,4184,62,45,5189.0
中央司法警官学院,5106,22,65,5195.0
黑龙江科技大学,5778,23,58,7301.0
宁波诺丁汉大学,11249,28,30,5297.0
青岛理工大学,5574,41,56,7237.0
衡水学院,4717,30,44,3727.0
荆楚理工学院,5447,18,66,-1
山西中医学院,4466,35,46,4572.0
浙江旅游职业学院,4133,64,22,4022.0
河西学院,4700,18,54,3643.0
随州职业技术学院,4137,19,54,3869.0
山西职业技术学院,4137,53,60,3878.0
广西工业职业技术学院,4137,23,76,3616.0
北京经济管理职业学院,4156,90,36,3607.0
广州铁路职业技术学院,4195,67,55,-1
湖南生物机电职业技术学院,4195,35,53,4832.0
福建船政交通职业学院,4195,49,70,4364.0
河北科技师范学院,5128,40,41,6363.0
泸州职业技术学院,4195,54,50,3703.0
四川师范大学,4998,66,40,6977.0
黑龙江中医药大学,4731,40,34,5496.0
廊坊师范学院,4861,40,36,5605.0
西昌学院,4947,52,63,4415.0
广西财经学院,4470,41,34,4507.0
牡丹江医学院,4679,23,45,6219.0
成都体育学院,4861,52,59,5566.0
乐山师范学院,4594,49,40,5078.0
电子科技大学中山学院,6194,25,61,6754.0
长春大学,5079,34,49,6221.0
南昌理工学院,5794,14,67,6111.0
广西民族大学,4722,35,41,5527.0
哈尔滨体育学院,4601,42,68,4791.0
周口师范学院,4861,27,44,4100.0
贵州民族大学,5128,26,52,5453.0
河南工程学院,6395,50,65,-1
齐齐哈尔医学院,-1,18,26,-1
渭南师范学院,4334,54,39,5113.0
广东工程职业技术学院,4195,63,58,4407.0
云南农业大学,4734,56,57,4830.0
重庆电子工程职业学院,4195,62,59,4490.0
西安理工大学,6381,35,64,7678.0
潍坊学院,4334,27,53,4926.0
广西机电职业技术学院,4195,26,64,4347.0
济宁职业技术学院,4195,34,56,3386.0
内蒙古电子信息职业技术学院,4195,32,54,-1
石家庄工程职业学院,4195,41,49,4617.0
牡丹江大学,4195,24,44,4285.0
安徽工业经济职业技术学院,4195,45,58,3880.0
济源职业技术学院,4195,34,57,4706.0
上海农林职业技术学院,4199,96,34,4612.0
江阴职业技术学院,4199,25,47,3701.0
广东财经大学,6946,66,35,7965.0
邵阳学院,5674,22,55,6425.0
河北传媒学院,5527,36,37,-1
湖北第二师范学院,4989,52,43,5223.0
闽南师范大学,5118,22,43,5642.0
牡丹江师范学院,4861,23,22,5165.0
云南中医学院,4325,64,46,4451.0
肇庆学院,5354,47,50,5993.0
江苏警官学院,4979,34,39,5166.0
河南科技学院,5108,27,51,6185.0
韶关学院,5256,49,54,6516.0
中州大学,4199,53,44,5529.0
广东行政职业学院,4199,58,31,4255.0
临沂大学,4601,28,51,5927.0
厦门南洋职业学院,4199,36,56,4700.0
滨州医学院,4445,16,48,4643.0
安阳师范学院,4861,27,40,5321.0
张家口学院,4199,55,26,4314.0
东北电力大学,5927,23,60,7759.0
成都中医药大学,4951,62,41,5678.0
湖北中医药大学,4617,47,38,4981.0
重庆医科大学,6072,53,44,6394.0
安徽商贸职业技术学院,4199,22,33,4624.0
广东科学技术职业学院,4199,44,56,4842.0
淮南师范学院,5508,19,57,6593.0
巢湖学院,5128,29,61,5579.0
盐城工学院,5550,22,60,6852.0
湖南第一师范学院,6025,48,28,-1
厦门大学嘉庚学院,5944,39,44,5428.0
太原师范学院,4327,42,29,4811.0
常州工学院,5450,29,55,6403.0
湖南商学院,6062,36,39,6906.0
内蒙古医科大学,5351,24,41,4945.0
仰恩大学,5942,26,47,7020.0
黑龙江八一农垦大学,4601,26,45,6813.0
宝鸡文理学院,4412,43,45,5409.0
黄冈师范学院,5396,22,40,6577.0
咸阳师范学院,4077,53,40,4407.0
承德医学院,5117,36,33,5907.0
湖北医药学院,4506,19,40,4989.0
衡阳师范学院,5694,23,38,6595.0
湖北汽车工业学院,6381,12,78,7020.0
北华大学,5204,23,48,7033.0
辽源职业技术学院,4199,42,52,-1
重庆工业职业技术学院,4199,67,67,4536.0
河南财经政法大学,5236,48,40,6065.0
襄阳职业技术学院,4199,14,47,4181.0
重庆三峡职业学院,4215,54,55,3842.0
河南质量工程职业学院,4222,37,51,3521.0
重庆工商职业学院,4223,78,46,3877.0
太原城市职业技术学院,4223,62,53,-1
湖南外国语职业学院,4223,29,16,-1
南通理工学院,4223,28,64,3616.0
宜宾职业技术学院,4223,53,49,3736.0
潇湘职业学院,4223,31,64,-1
河北外国语职业学院,4223,42,18,3874.0
广西医科大学,5554,35,59,5761.0
厦门海洋职业技术学院,4257,48,48,4142.0
许昌学院,5138,22,52,5924.0
淮阴师范学院,4826,19,35,5456.0
沈阳航空航天大学,5406,37,62,6214.0
星海音乐学院,4660,64,28,-1
湖南城市学院,6381,23,59,7887.0
湘南学院,6628,27,48,6060.0
南阳师范学院,4861,21,45,5269.0
洛阳理工学院,6838,20,69,-1
河北建筑工程学院,6959,44,74,7908.0
海口经济学院,5385,36,49,-1
贵州财经大学,5405,22,48,6196.0
东北石油大学,5996,25,62,7988.0
中国刑事警察学院,5389,22,87,-1
黄山学院,5534,22,61,6018.0
黑龙江林业职业技术学院,4260,31,55,3784.0
河北软件职业技术学院,4260,46,55,4880.0
广东邮电职业技术学院,4260,59,61,4199.0
湖南应用技术学院,4260,24,47,3756.0
上海民远职业技术学院,4261,96,48,3589.0
娄底职业技术学院,4261,26,46,-1
怀化职业技术学院,4263,26,48,3709.0
南通航运职业技术学院,4263,25,71,4647.0
贵阳学院,5833,40,72,-1
福州职业技术学院,4270,64,47,4585.0
山西工商学院,4276,57,47,3494.0
山东药品食品职业学院,4279,16,35,3643.0
江西工业贸易职业技术学院,4289,17,58,3855.0
青岛远洋船员职业学院,4324,46,78,5518.0
青海大学,5396,15,64,6319.0
武汉工程大学,5996,36,57,7056.0
无锡职业技术学院,4324,51,60,4826.0
石家庄邮电职业技术学院,4324,28,40,3805.0
淮海工学院,5860,18,53,7088.0
广州体育学院,5396,61,77,4631.0
四川理工学院,4990,49,63,6325.0
盐城师范学院,5129,20,33,6299.0
华北科技学院,6601,53,56,7765.0
四川文理学院,9271,51,49,4583.0
河北美术学院,5124,46,57,-1
北京石油化工学院,6548,79,53,8001.0
山东交通学院,5061,29,63,6323.0
长春工程学院,6190,21,66,7514.0
徐州医学院,5794,15,57,5740.0
湖南工程学院,6311,19,62,7297.0
山东建筑大学,5410,39,68,7332.0
浙江海洋学院,5821,33,65,7179.0
皖西学院,5674,24,67,6690.0
河北能源职业技术学院,4324,34,48,-1
长沙南方职业学院,4324,31,51,4674.0
西华大学,5396,61,60,7508.0
漯河职业技术学院,4327,33,46,4753.0
厦门华厦学院,4327,63,42,4287.0
石河子大学,5236,16,57,7033.0
重庆工程职业技术学院,4327,64,64,4626.0
广州番禺职业技术学院,4327,78,44,4902.0
德州学院,4601,17,58,5254.0
洛阳师范学院,4733,18,39,5483.0
湖南大众传媒职业技术学院,4327,41,31,5185.0
湖南涉外经济学院,5883,33,46,6563.0
莆田学院,5795,19,53,4723.0
天津体育学院,4912,39,60,5178.0
湖南科技学院,5811,27,55,7453.0
淮北师范大学,5396,22,51,6263.0
山东工商学院,5406,18,41,6378.0
辽宁石油化工大学,4861,23,57,6351.0
广西科技大学,5396,22,73,6311.0
上海第二工业大学,7444,93,54,7813.0
陇东学院,6885,14,62,-1
贵阳中医学院,4968,34,48,5022.0
湖南文理学院,5833,23,54,7315.0
广东技术师范学院,6072,69,48,6961.0
佳木斯大学,5256,19,44,6760.0
厦门理工学院,5961,58,53,4751.0
苏州科技学院,5843,53,50,7126.0
重庆科技学院,5555,57,64,6688.0
商丘师范学院,4583,24,48,4615.0
连云港职业技术学院,4327,21,49,5027.0
广西职业技术学院,4327,25,49,4671.0
铜陵职业技术学院,4327,26,35,4073.0
嘉兴职业技术学院,4327,35,42,3643.0
武汉职业技术学院,4327,40,56,5804.0
河北农业大学,5118,34,46,6445.0
海南职业技术学院,4327,21,46,4603.0
南京交通职业技术学院,4327,48,56,5491.0
湖北大学,5396,41,43,6505.0
烟台大学,5406,24,54,6611.0
桂林旅游学院,4327,16,26,4448.0
广东岭南职业技术学院,4327,59,56,4408.0
山西医科大学,5436,32,42,4805.0
江西科技学院,5767,12,62,6035.0
陕西理工学院,4990,42,57,5842.0
泉州师范学院,5397,30,45,6814.0
新疆财经大学,4990,39,36,5650.0
长治医学院,4460,22,49,3383.0
闽江学院,5039,50,50,5421.0
惠州学院,5683,35,54,6287.0
沈阳理工大学,5002,41,58,6260.0
沈阳体育学院,4334,43,61,4053.0
内蒙古民族大学,4869,26,56,6256.0
大连民族大学,5674,38,41,7510.0
宜宾学院,4546,45,51,5014.0
湘潭职业技术学院,4327,21,30,3927.0
湖南工业职业技术学院,4327,34,61,5100.0
石家庄职业技术学院,4327,47,49,5028.0
河北师范大学,4968,41,36,7039.0
西北大学,5843,44,49,8023.0
泰州职业技术学院,4327,20,44,4877.0
淮南职业技术学院,4327,20,47,-1
广州涉外经济职业技术学院,4329,65,31,3735.0
江西先锋软件职业技术学院,4330,14,73,4439.0
上海思博职业技术学院,4330,91,43,3855.0
江西司法警官职业学院,4330,17,48,3357.0
湖北三峡职业技术学院,4330,16,61,4006.0
湖北水利水电职业技术学院,4330,44,69,4415.0
北京现代职业技术学院,4330,96,58,5086.0
江西财经职业学院,4330,21,42,4557.0
杭州万向职业技术学院,4330,76,45,-1
吉林建筑大学,6359,36,65,7830.0
湖南理工学院,5852,22,52,7196.0
石家庄经济学院,5564,29,39,7495.0
新乡医学院,4464,24,35,4028.0
安徽中医药大学,5409,43,53,5720.0
吉林财经大学,4998,35,29,6417.0
安徽建筑大学,6561,39,76,7293.0
广东金融学院,6283,62,35,5527.0
五邑大学,6063,29,64,7358.0
天津音乐学院,5187,37,26,4672.0
成都信息工程大学,5414,63,63,6781.0
西安体育学院,4013,57,61,4295.0
合肥师范学院,4861,50,50,-1
南京工程学院,6072,36,72,6903.0
东莞理工学院,6302,59,63,6839.0
徐州工业职业技术学院,4330,19,61,4109.0
广东理工学院,4330,38,60,4804.0
保险职业学院,4342,32,35,5292.0
四川工程职业技术学院,4342,49,74,4540.0
漳州职业技术学院,4342,29,61,4710.0
焦作大学,4342,30,50,4239.0
新疆职业大学,4342,47,43,-1
郑州航空工业管理学院,5942,27,51,7069.0
安徽电子信息职业技术学院,4342,25,65,4656.0
浙江育英职业技术学院,4342,70,40,3803.0
广州中医药大学,6072,63,47,6195.0
曲阜远东职业技术学院,4390,21,36,-1
兰州交通大学,6062,14,64,7127.0
佛山职业技术学院,4392,36,55,3946.0
辽宁中医药大学,4195,52,27,4604.0
中国传媒大学南广学院,6800,25,40,5799.0
哈尔滨商业大学,5461,27,34,7183.0
大连交通大学,6072,37,60,7435.0
潍坊医学院,4202,24,41,4240.0
江苏师范大学,5375,17,37,6410.0
南京审计学院,6241,41,29,7702.0
南阳理工学院,5839,15,61,6398.0
内蒙古工业大学,6063,23,65,7696.0
安徽科技学院,5406,21,66,6732.0
南京财经大学,5607,39,36,6889.0
甘肃政法学院,4601,36,50,4434.0
福建中医药大学,6108,50,54,5829.0
浙江大学城市学院,6777,68,53,8596.0
浙江科技学院,6655,63,60,7514.0
江西应用工程职业学院,4396,19,62,3803.0
渤海船舶职业学院,4397,21,83,3803.0
河南交通职业技术学院,4400,61,67,3995.0
山西工程职业技术学院,4400,54,67,3551.0
山东艺术学院,4851,49,42,4635.0
湖南商务职业技术学院,4408,36,29,4481.0
厦门兴才职业技术学院,4417,48,47,3613.0
雅安职业技术学院,4417,63,16,3589.0
吉林大学,7287,22,58,9668.0
新疆农业大学,4983,41,54,5459.0
西华师范大学,4669,46,42,5885.0
贵州商学院,4456,54,44,4130.0
安徽水利水电职业技术学院,4456,43,78,4618.0
北京农学院,5406,94,33,6522.0
湖北师范学院,5246,18,38,5970.0
信阳师范学院,4989,25,35,5725.0
上海商学院,6721,93,33,5700.0
阜阳师范学院,5565,21,52,6273.0
山西师范大学,4778,23,38,5806.0
大连大学,5108,62,47,7331.0
兰州财经大学,5433,24,48,6508.0
嘉兴学院,5934,30,44,6262.0
辽宁工程技术大学,5495,23,59,6690.0
延安大学,4601,43,48,5628.0
西安医学院,4961,71,35,-1
渤海大学,4594,34,27,5459.0
江西中医药大学,5723,19,51,6545.0
石家庄铁道大学,6241,28,59,7326.0
广东农工商职业技术学院,4456,61,43,4692.0
长沙民政职业技术学院,4456,35,41,5599.0
湖南信息职业技术学院,4456,30,52,5150.0
成都理工大学,5674,50,57,6896.0
天津师范大学,4990,61,29,6040.0
南通职业大学,4456,31,49,4422.0
邯郸职业技术学院,4456,39,44,4887.0
湖北经济学院,5406,41,39,6488.0
黄河科技学院,5396,43,58,6192.0
哈尔滨医科大学,5443,26,37,5848.0
湖北民族学院,5564,19,49,6463.0
安庆师范学院,5054,22,53,5671.0
山西农业大学,4861,22,57,6410.0
蚌埠医学院,5385,24,56,4916.0
上海立信会计学院,6999,94,30,6971.0
大连外国语大学,6062,40,22,9731.0
齐齐哈尔大学,4998,21,42,6706.0
合肥学院,5628,43,62,6400.0
华北水利水电大学,6241,31,66,8376.0
河南师范大学,5128,27,39,6536.0
浙江农林大学,6072,54,47,7617.0
赣南师范学院,6072,23,45,7051.0
内蒙古师范大学,5678,29,43,6862.0
北京交通运输职业学院,4456,96,71,-1
天津医科大学,5607,52,37,5665.0
河北医科大学,5263,32,40,5314.0
山西煤炭职业技术学院,4460,49,65,-1
浙江警官职业学院,4461,51,59,-1
深圳信息职业技术学院,4462,92,50,4494.0
鄂东职业技术学院,4462,19,63,4775.0
广西中医药大学,4549,38,43,4813.0
铁道警察学院,4462,23,85,-1
河南工业职业技术学院,4462,33,70,4466.0
江西交通职业技术学院,4462,16,72,4341.0
保定职业技术学院,4462,46,40,4094.0
宿州职业技术学院,4462,24,42,4001.0
宜春学院,6051,21,61,7313.0
山东工艺美术学院,5129,40,37,6106.0
福建工程学院,6628,43,64,6901.0
吉林农业大学,4466,41,46,5287.0
河北北方学院,5173,47,45,4107.0
东华理工大学,6299,18,67,7831.0
上海金融学院,7166,90,41,6892.0
广州医科大学,5385,80,45,5152.0
哈尔滨师范大学,4989,35,27,6897.0
吉林艺术学院,5374,33,36,6032.0
云南财经大学,4990,52,40,5890.0
甘肃中医药大学,4861,31,49,4090.0
沈阳药科大学,5842,28,37,7532.0
河南工业大学,5821,31,63,6979.0
唐山工业职业技术学院,4462,49,57,4402.0
汕头职业技术学院,4462,31,45,3888.0
湖南理工职业技术学院,4462,27,58,3681.0
恩施职业技术学院,4466,16,57,3708.0
安徽工商职业学院,4470,42,38,4351.0
四川机电职业技术学院,4471,46,79,3589.0
荆州职业技术学院,4471,14,49,4952.0
湖南环境生物职业技术学院,4474,20,31,3483.0
永州职业技术学院,4474,25,44,3666.0
潮汕职业技术学院,4474,50,52,4460.0
湖南农业大学,5406,38,50,6765.0
浙江经贸职业技术学院,4526,66,32,4877.0
江西航空职业技术学院,4528,27,81,4259.0
九江学院,5788,20,59,6611.0
吉林动画学院,5256,29,46,5624.0
上海工程技术大学,7845,97,60,9185.0
北京物资学院,6959,79,35,7531.0
中南民族大学,6072,26,47,7488.0
北京印刷学院,6959,74,42,7575.0
西安石油大学,5375,46,60,6391.0
北京信息科技大学,8025,81,60,9660.0
聊城大学,4861,16,53,5613.0
桂林电子科技大学,6957,25,66,8650.0
贵州师范大学,4978,31,49,5232.0
安徽工程大学,6072,21,68,7198.0
上海电力学院,7626,86,64,9024.0
北京师范大学珠海分校,6388,23,43,7235.0
内蒙古科技大学,6062,20,63,8179.0
辽宁师范大学,4711,45,25,5928.0
湖南工程职业技术学院,4529,36,54,5036.0
阜阳职业技术学院,4534,25,38,4371.0
广东新安职业技术学院,4534,46,52,4498.0
浙江纺织服装职业技术学院,4534,46,32,-1
上海科学技术职业学院,4585,93,48,4817.0
四川医科大学,5362,47,39,5551.0
山东理工大学,5396,13,67,7368.0
哈尔滨理工大学,6610,22,62,8668.0
天津大学,7816,39,63,10330.0
重庆交通大学,6222,46,65,6928.0
湖南工业大学,6212,19,59,7563.0
沈阳农业大学,4462,46,42,5738.0
河北工程大学,6548,27,65,9220.0
西北民族大学,5375,13,58,6389.0
湖北美术学院,6367,48,32,7168.0
西北农林科技大学,5396,23,54,7606.0
武汉体育学院,4711,37,69,6019.0
沈阳音乐学院,4184,41,34,3837.0
郑州轻工业学院,5776,30,55,6935.0
甘肃农业大学,4540,33,68,5453.0
吉首大学,5778,23,49,6996.0
四川外国语大学,5833,42,19,7465.0
宁夏大学,5285,36,54,6883.0
昆明医科大学,4955,56,40,5516.0
景德镇陶瓷学院,6507,18,57,7136.0
南京中医药大学,5364,39,32,5663.0
上海建峰职业技术学院,4589,96,45,4667.0
江西应用科技学院,4591,13,59,5017.0
包头职业技术学院,4591,33,70,4434.0
包头轻工职业技术学院,4591,20,49,-1
北京劳动保障职业学院,4591,97,40,3669.0
南充职业技术学院,4591,48,46,3811.0
四川信息职业技术学院,4592,47,64,4007.0
江西信息应用职业技术学院,4592,27,66,4123.0
北京财贸职业学院,4594,94,32,4494.0
成都医学院,4293,67,44,4053.0
四川交通职业技术学院,4594,69,66,5401.0
成都航空职业技术学院,4594,65,67,4319.0
安徽交通职业技术学院,4594,47,75,4098.0
北京汇佳职业学院,4594,91,50,4430.0
贵州医科大学,5242,42,43,5547.0
沈阳师范大学,4195,52,31,5698.0
广东海洋大学,6127,35,56,8724.0
陕西科技大学,6072,27,56,7582.0
浙江师范大学,5778,36,39,6582.0
南通大学,5554,19,49,7005.0
河南理工大学,5852,16,69,7014.0
三峡大学,5833,16,57,7097.0
山东农业大学,4816,14,56,6528.0
西北政法大学,4989,46,42,5838.0
天津理工大学,5546,66,57,6930.0
顺德职业技术学院,4594,54,56,-1
安徽机电职业技术学院,4594,21,79,4509.0
渤海石油职业学院,4600,45,54,3803.0
广州华南商贸职业学院,4602,67,38,3643.0
安徽工贸职业技术学院,4602,26,49,4545.0
山西大学,5396,35,50,6568.0
芜湖职业技术学院,4603,22,57,5242.0
达州职业技术学院,4603,49,32,3589.0
南昌职业学院,4603,12,61,5721.0
河南科技大学,6241,14,64,7840.0
天津商业大学,5564,43,38,7898.0
西安科技大学,6212,37,60,7180.0
云南师范大学,5000,45,43,6066.0
北方工业大学,7584,83,50,8918.0
西南石油大学,5943,43,69,7490.0
广东工业大学,6974,62,64,8485.0
江西农业大学,6311,19,56,7776.0
海南师范大学,5396,21,42,5910.0
天津中医药大学,4601,52,34,4735.0
中国计量学院,6777,51,57,8262.0
新疆大学,5414,35,57,7067.0
浙江中医药大学,5512,66,46,6282.0
内蒙古农业大学,5405,24,54,7029.0
河北经贸大学,5523,37,32,7451.0
北京城市学院,6062,81,38,7307.0
北京信息职业技术学院,4603,96,53,4959.0
郑州大学,6221,33,54,7784.0
湖北工业大学,5843,37,56,7272.0
安徽职业技术学院,4617,36,60,5115.0
浙江商业职业技术学院,4658,69,33,4342.0
中原工学院,5852,28,56,7635.0
岳阳职业技术学院,4663,21,39,4309.0
南昌师范学院,4663,21,30,4731.0
河源职业技术学院,4664,30,55,3809.0
四川音乐学院,4978,39,34,5345.0
湖南科技职业学院,4723,31,53,5477.0
南京工业职业技术学院,4723,46,55,5224.0
广东机电职业技术学院,4723,62,80,5093.0
山东财经大学,5136,37,37,6627.0
天津科技大学,5582,49,56,7591.0
安徽财经大学,5852,19,51,6879.0
南华大学,6597,18,60,7556.0
西南科技大学,5843,38,62,7443.0
北京联合大学,6381,92,43,7279.0
安徽理工大学,6381,19,75,7502.0
西安工业大学,5574,43,58,6647.0
杭州师范大学,5927,67,37,6416.0
福建医科大学,5703,48,50,6441.0
长春理工大学,6165,24,61,7332.0
大连医科大学,4851,38,36,5097.0
兰州石化职业技术学院,4723,26,61,-1
上海邦德职业技术学院,4723,90,40,4582.0
上海济光职业技术学院,4723,94,44,-1
黄冈职业技术学院,4723,20,55,5315.0
湖南机电职业技术学院,4723,30,73,4481.0
黄河水利职业技术学院,4723,31,68,5818.0
上海电子信息职业技术学院,4723,96,66,4186.0
贵州电子信息职业技术学院,4723,25,75,4439.0
浙江工商职业技术学院,4723,57,40,3816.0
湖州职业技术学院,4723,45,41,-1
华中科技大学,7838,27,65,10676.0
湖北职业技术学院,4731,17,44,5352.0
正德职业技术学院,4731,61,55,3934.0
上海城市管理职业技术学院,4731,93,53,4366.0
河北科技大学,5574,33,58,7287.0
集美大学,6241,43,53,7901.0
大连工业大学,5265,42,40,6777.0
曲阜师范大学,4861,15,45,6829.0
南京信息工程大学,5797,39,53,6852.0
东北林业大学,5843,21,48,7700.0
浙江传媒学院,5993,47,35,5686.0
东北农业大学,4990,37,42,7015.0
广东医学院,5568,31,51,5208.0
南京林业大学,5863,38,53,7196.0
中北大学,5843,19,70,7093.0
汕头大学,7404,33,50,8531.0
长沙理工大学,6340,26,58,8043.0
鲁迅美术学院,6132,33,32,6428.0
张家口职业技术学院,4731,52,65,5142.0
广东交通职业技术学院,4731,61,67,4727.0
安徽大学,6380,33,58,7790.0
上海交通职业技术学院,4731,95,59,4460.0
中国民航大学,7119,24,59,8071.0
广东松山职业技术学院,4734,39,58,5019.0
浙江经济职业技术学院,4734,63,31,4849.0
萍乡学院,4734,26,45,4355.0
广东司法警官职业学院,4734,58,45,4233.0
哈尔滨信息工程学院,4734,35,66,5788.0
武汉大学,7155,30,56,10684.0
杭州职业技术学院,4749,72,55,5078.0
湖南铁道职业技术学院,4749,23,51,5085.0
西安建筑科技大学,6601,42,61,7858.0
西南民族大学,5630,34,46,7189.0
延边大学,5821,18,40,7760.0
西北师范大学,4723,32,45,6122.0
北京第二外国语学院,7672,77,22,9446.0
福建农林大学,5396,46,56,6988.0
南京工业大学,6165,36,64,9353.0
安徽师范大学,5406,21,52,6912.0
山西财经大学,5738,23,40,7158.0
河北工业大学,6526,32,55,8907.0
重庆工商大学,5396,58,40,6741.0
重庆师范大学,4850,60,28,5337.0
浙江财经大学,6940,62,34,7611.0
淮北职业技术学院,4749,23,43,4284.0
荆州理工职业学院,4749,19,58,4465.0
山东华宇工学院,4792,18,60,3483.0
湖北工业职业技术学院,4793,16,74,4206.0
广东工贸职业技术学院,4793,64,54,4911.0
广州民航职业技术学院,4796,41,57,4810.0
无锡南洋职业技术学院,4797,24,58,3602.0
江西工业职业技术学院,4797,25,60,4682.0
郴州职业技术学院,4798,27,50,4585.0
江西应用技术职业学院,4804,25,66,4395.0
上海中侨职业技术学院,4809,94,43,4906.0
义乌工商职业技术学院,4809,34,42,3518.0
上海行健职业学院,4851,96,33,4199.0
上海东海职业技术学院,4851,95,48,4859.0
北京电子科技职业学院,4851,96,50,5072.0
炎黄职业技术学院,4857,22,62,3483.0
茂名职业技术学院,4857,35,59,4585.0
保定电力职业技术学院,4857,38,74,-1
安徽农业大学,5396,42,57,7086.0
四川农业大学,4912,59,53,6116.0
燕山大学,6767,36,56,8615.0
湖南中医药大学,6062,36,46,7987.0
北京服装学院,7160,75,25,8473.0
长江大学,5629,18,57,7615.0
天津工业大学,6072,45,52,7698.0
黑龙江大学,5659,29,42,7648.0
重庆邮电大学,6768,38,60,8308.0
浙江理工大学,6777,58,51,7913.0
太原理工大学,6159,23,65,8097.0
温州大学,5885,32,56,6520.0
山东科技大学,5414,23,63,7634.0
杭州电子科技大学,7732,57,66,9234.0
武汉工业职业技术学院,4857,38,71,5384.0
长沙航空职业技术学院,4863,23,66,4961.0
苏州工业园区职业技术学院,4863,68,58,4326.0
邵阳职业技术学院,4863,34,43,3881.0
广州南洋理工职业学院,4863,58,58,4406.0
揭阳职业技术学院,4869,29,38,-1
淮南联合大学,4869,20,52,4111.0
宁波职业技术学院,4869,52,46,4644.0
江西现代职业技术学院,4869,22,69,5195.0
北京工业职业技术学院,4869,89,58,5639.0
江苏建筑职业技术学院,4869,16,64,4835.0
开封大学,4869,27,49,5611.0
河南建筑职业技术学院,4869,69,69,4610.0
南方医科大学,6768,52,45,6858.0
张家界航空工业职业技术学院,4869,18,61,4495.0
江西师范大学,6212,19,50,8604.0
大连海事大学,7638,22,68,9258.0
天津财经大学,6692,56,34,7879.0
中国人民公安大学,5599,46,53,5228.0
安徽医科大学,6131,33,62,6724.0
中国青年政治学院,7554,66,38,7606.0
中国矿业大学北京,7541,65,67,9384.0
江苏大学,6302,17,59,7996.0
广西师范大学,4722,18,38,5825.0
上海理工大学,8603,85,53,10505.0
贵州大学,5821,29,64,7410.0
宁波大学,6538,40,48,8191.0
天津美术学院,6790,37,37,7130.0
长安大学,6767,26,67,7774.0
南京邮电大学,7846,39,68,8929.0
首都经济贸易大学,7838,90,36,9743.0
西安外国语大学,5802,44,20,7609.0
上海工艺美术职业学院,4878,92,41,4444.0
北京科技大学,7983,65,57,10194.0
湖南交通工程学院,4891,33,47,4132.0
北京经济技术职业学院,4923,85,46,4636.0
滁州职业技术学院,4929,19,59,4890.0
南京医科大学,5915,40,38,5696.0
南京农业大学,5947,32,49,7445.0
四川美术学院,6202,38,34,6275.0
北京工商大学,7544,78,38,8782.0
中国药科大学,6381,20,37,7773.0
外交学院,10310,84,32,10417.0
东北财经大学,5629,36,32,7238.0
北京体育大学,6170,69,47,7606.0
华中农业大学,5708,30,52,8040.0
福建师范大学,5256,42,46,6337.0
江西财经大学,7138,18,48,8870.0
海南大学,6041,16,51,8385.0
北京语言大学,7358,67,23,8649.0
上海海事大学,8291,78,57,10185.0
华侨大学,6790,20,52,8698.0
浙江工业大学,6940,62,58,9394.0
华东政法大学,8415,83,32,9295.0
广州大学,5852,79,49,8339.0
北京培黎职业学院,4939,84,43,4912.0
浙江工业职业技术学院,4989,43,67,-1
湖北城市建设职业技术学院,4989,52,62,5150.0
四川水利职业技术学院,4989,68,68,4841.0
北京经贸职业学院,4989,79,40,4813.0
黎明职业大学,4989,41,54,-1
广东轻工职业技术学院,4989,62,54,5939.0
广东水利电力职业技术学院,4991,57,74,4293.0
沙洲职业工学院,4995,52,54,-1
九州职业技术学院,4997,20,56,-1
上海立达职业技术学院,4997,95,47,4012.0
武汉船舶职业技术学院,4998,30,72,5856.0
江西工业工程职业技术学院,4998,22,65,4356.0
湘潭大学,6692,20,49,8565.0
哈尔滨工程大学,7810,20,75,8974.0
中国石油大学华东,6177,14,66,7711.0
国际关系学院,9261,63,63,8582.0
山东师范大学,4990,36,40,5960.0
辽宁大学,4994,45,34,6732.0
扬州大学,5723,17,49,7861.0
中国石油大学北京,7155,58,65,8217.0
广西大学,5524,28,56,6874.0
合肥工业大学,6825,18,74,8538.0
广东外语外贸大学,8167,60,31,9971.0
南京艺术学院,6021,50,36,6280.0
武汉科技大学,6072,32,61,8506.0
西南政法大学,6062,34,40,7143.0
青岛大学,5375,51,46,6897.0
江南大学,6222,30,48,8456.0
邢台职业技术学院,4998,38,52,5425.0
北京交通大学,8688,66,53,10904.0
景德镇学院,4999,20,46,4594.0
广西建设职业技术学院,5009,41,63,-1
金华职业技术学院,5009,34,48,4720.0
湖南交通职业技术学院,5009,47,53,5901.0
首钢工学院,5068,97,49,4536.0
池州职业技术学院,5069,26,42,-1
福州大学,6692,36,54,7879.0
浙江工商大学,6926,56,40,8834.0
上海音乐学院,7276,77,33,7500.0
华南农业大学,6767,61,51,8300.0
陕西师范大学,4870,36,38,6292.0
河北大学,5987,45,43,9062.0
北京林业大学,6993,67,36,9501.0
广州美术学院,8192,67,49,8170.0
中国海洋大学,5908,38,47,8376.0
河海大学,6940,27,60,8609.0
云南大学,5554,37,47,9339.0
北京化工大学,7991,64,58,9644.0
对外经济贸易大学,9369,71,29,14489.0
南京理工大学,7322,27,63,9418.0
湖南师范大学,5674,36,38,7698.0
中南财经政法大学,6120,34,38,8312.0
上海师范大学,7538,94,37,9068.0
长江工程职业技术学院,5118,32,84,4347.0
九江职业技术学院,5118,23,72,4994.0
安徽工业职业技术学院,5129,24,66,4449.0
浙江金融职业学院,5131,64,33,-1
北京中医药大学,6072,64,38,6276.0
北京青年政治学院,5138,93,38,5663.0
温州职业技术学院,5145,34,53,4784.0
北京工业大学,8173,90,49,10211.0
中国地质大学北京,7538,62,58,9196.0
南昌大学,6767,17,61,8703.0
西安电子科技大学,7838,26,75,10266.0
河南大学,5674,24,51,8720.0
西南财经大学,6958,42,37,9338.0
中国地质大学武汉,6525,26,61,8571.0
东华大学,8646,81,40,10862.0
华东理工大学,8736,82,55,10699.0
华南师范大学,6756,60,41,8377.0
南京航空航天大学,7404,31,63,8836.0
东北师范大学,5674,24,35,8449.0
中国矿业大学,6940,15,68,8821.0
中央民族大学,7138,70,33,8875.0
西北工业大学,7541,25,77,8665.0
上海外国语大学,10453,85,22,13700.0
西南交通大学,6692,37,67,9829.0
南京师范大学,5902,44,37,7302.0
苏州大学,6072,50,48,8136.0
苏州工艺美术职业技术学院,5145,52,38,5308.0
江西机电职业技术学院,5194,23,93,4755.0
北京吉利学院,5258,69,52,5680.0
陕西铁路工程职业技术学院,5258,46,77,5145.0
甘肃建筑职业技术学院,5258,44,74,4129.0
上海海事职业技术学院,5258,91,46,4366.0
台州职业技术学院,5258,31,55,-1
浙江交通职业技术学院,5265,56,72,3803.0
首都师范大学,6362,89,32,8417.0
浙江机电职业技术学院,5285,66,71,4975.0
武汉理工大学,6390,30,67,8157.0
上海戏剧学院,7442,76,44,8206.0
华中师范大学,5351,37,40,6907.0
深圳大学,8025,84,53,9915.0
东北大学,6548,26,60,8807.0
兰州大学,6241,16,56,8883.0
中央美术学院,8256,78,44,8511.0
大连理工大学,8111,30,69,10130.0
西南大学,5396,37,54,7268.0
中国医科大学,5449,39,38,5322.0
北京邮电大学,10300,65,63,12114.0
湖南大学,7541,17,56,10618.0
哈尔滨铁道职业技术学院,5398,29,67,5118.0
上海工商外国语职业学院,5398,95,28,4896.0
深圳职业技术学院,5405,89,53,5861.0
重庆大学,6993,34,65,10002.0
中央戏剧学院,8222,75,40,9063.0
上海财经大学,11442,82,37,15460.0
北京外国语大学,9840,69,31,13524.0
九江职业大学,5692,21,49,5532.0
湖南工艺美术职业学院,5802,27,36,6838.0
江西建设职业技术学院,5843,24,84,4890.0
黑龙江建筑职业技术学院,5843,44,60,6267.0
浙江广厦建设职业技术学院,5847,43,62,-1
四川建筑职业技术学院,6380,61,69,7210.0
浙江建设职业技术学院,7154,62,64,7084.0
中南大学,7546,17,63,9163.0
北京电影学院,8401,80,57,10190.0
四川大学,6777,41,59,8466.0
山东大学,6790,22,56,8934.0
南开大学,7584,36,48,10594.0
厦门大学,8358,28,49,10607.0
北京师范大学,7358,60,43,9644.0
南京大学,8813,32,52,11306.0
同济大学,10180,78,58,14638.0
上海交通大学,11235,82,63,14199.0
浙江大学,9876,37,65,13724.0
中山大学,9369,55,47,12986.0
中国人民大学,10132,71,41,14842.0
复旦大学,11848,84,42,17622.0
北京大学,11314,65,47,15636.0
清华大学,12807,62,62,16374.0
